Date;S&P;Apple;JP Morgan;BlackRock;Indice_Excel;Rendimiento diario del Indice_Excel
25/10/2018;272,02;54,95;104,86;391,96;219,162;
26/10/2018;267,1;54,075;103,42;386,93;215,725;-0,1070%
29/10/2018;265,61;53,06;104,85;390,65;215,956;-2,1562%
30/10/2018;269,86;53,325;106,7;403,83;220,715;-1,5259%
31/10/2018;272,76;54,715;109,02;411,42;224,135;-0,6815%
01/11/2018;275,42;55,555;108,98;412,99;225,673;0,9461%
02/11/2018;273,89;51,87;108,38;409,76;223,558;-0,3421%
05/11/2018;275,57;50,397;109,09;411;224,3254;-0,5908%
06/11/2018;277,16;50,943;109,6;413,43;225,6586;-2,3087%
07/11/2018;283,13;52,487;111,48;424,73;230,9914;0,3496%
08/11/2018;282,52;52,123;112,38;421,39;230,1866;1,2897%
09/11/2018;279,96;51,118;111,29;413,95;227,2556;2,1895%
12/11/2018;274,51;48,542;108,95;405,42;222,3864;-0,1118%
13/11/2018;274,11;48,057;109,59;407,31;222,6354;1,1584%
14/11/2018;272,21;46,7;107,33;401,98;220,086;-1,2822%
15/11/2018;274,96;47,853;110,07;406,88;222,9446;-0,5468%
16/11/2018;275,74;48,382;109,99;411;224,1704;1,2207%
19/11/2018;271,13;46,465;110,83;407,78;221,467;1,7944%
20/11/2018;266,1;44,245;108,45;402,92;217,563;-0,5085%
21/11/2018;266,96;44,195;107,64;407,62;218,675;0,5909%
23/11/2018;265,31;43,072;106,65;406,61;217,3904;-2,1068%
26/11/2018;269,47;43,655;109,26;418,49;222,069;-0,0662%
27/11/2018;270,32;43,56;109,72;417,16;222,216;-2,2543%
28/11/2018;276,63;45,235;110,94;427,27;227,341;0,5909%
29/11/2018;276,07;44,888;110,06;422,94;226,0056;-0,8613%
30/11/2018;278;44,645;111,19;428,01;227,969;-1,4022%
03/12/2018;281,37;46,205;112,24;434,87;231,211;4,6002%
04/12/2018;272,53;44,173;107,23;408,75;221,0426;1,1414%
06/12/2018;271,82;43,68;105,19;400,23;218,548;2,1526%
07/12/2018;265,6;42,123;103,29;393,1;213,9426;0,0648%
10/12/2018;266;42,4;101,36;393,26;213,804;0,8235%
11/12/2018;266,05;42,158;100,37;385,66;212,0576;-0,7542%
12/12/2018;267,49;42,275;101,02;390,07;213,669;0,2569%
13/12/2018;267,24;42,737;101,12;387,27;213,1214;1,6064%
14/12/2018;262,4;41,37;100,29;382,3;209,752;1,8664%
17/12/2018;255,65;40,985;99,01;378,25;205,909;-0,4932%
18/12/2018;255,62;41,518;98,54;383,35;206,9296;2,1187%
19/12/2018;251,74;40,222;97,29;372,19;202,6364;1,0970%
20/12/2018;247,43;39,208;96,45;371,67;200,4376;1,6715%
21/12/2018;242,35;37,682;94,17;369,16;197,1424;2,3799%
24/12/2018;236,09;36,708;92,14;361,77;192,5596;-4,8451%
26/12/2018;247,67;39,292;95,96;381,23;202,3644;-1,1890%
27/12/2018;250,06;39,037;97,04;387,8;204,7994;0,1193%
28/12/2018;249,33;39,057;96,83;388,23;204,5554;-0,9987%
31/12/2018;251,61;39,435;97,62;392,82;206,619;0,1401%
02/01/2019;251,72;39,48;99,31;389,42;206,33;3,0107%
03/01/2019;245,43;35,548;97,11;377,98;200,2996;-3,4882%
04/01/2019;254,06;37,065;100,69;391,82;207,539;-0,4315%
07/01/2019;255,77;36,982;100,76;392,91;208,4384;-1,0027%
08/01/2019;258,29;37,688;100,57;397,91;210,5496;-0,4867%
09/01/2019;259,49;38,327;100,4;400,19;211,5794;-0,1381%
10/01/2019;260,51;38,45;100,39;399,5;211,872;0,2582%
11/01/2019;260,37;38,072;99,91;397,91;211,3264;0,3373%
14/01/2019;259,11;37,5;100,94;396,42;210,616;-1,0708%
15/01/2019;261,91;38,268;101,68;400,71;212,8956;-1,3893%
16/01/2019;262,6;38,735;102,5;413,04;215,895;-0,3683%
17/01/2019;264,53;38,965;102,92;412,52;216,693;-1,4481%
18/01/2019;268,07;39,205;104,59;419,45;219,877;1,4319%
22/01/2019;264,5;38,325;102,94;413,6;216,773;0,4137%
23/01/2019;264,88;38,48;102,68;408,48;215,88;0,1526%
24/01/2019;265,14;38,175;102,74;406,56;215,551;-0,9216%
25/01/2019;267,5;39,44;103,39;409,95;217,556;0,8123%
28/01/2019;265,35;39,075;103,88;405,36;215,803;-0,1300%
29/01/2019;264,98;38,67;104,17;407,62;216,084;-1,1068%
30/01/2019;269,23;41,312;104,41;408,33;218,5024;-0,9769%
31/01/2019;271,55;41,61;103,5;415,08;220,658;-0,2198%
01/02/2019;271,7;41,63;103,88;416,81;221,144;-0,5953%
04/02/2019;273,65;42,812;104,25;417,98;222,4684;-0,1968%
05/02/2019;274,82;43,545;103,79;417,56;222,907;0,1820%
06/02/2019;274,41;43,56;103,74;416,39;222,502;0,7905%
07/02/2019;271,83;42,735;102,38;415,01;220,757;0,3456%
08/02/2019;272,13;42,603;101,36;411,76;219,9966;-0,0467%
11/02/2019;272,28;42,357;100,88;412,7;220,0994;-1,9577%
12/02/2019;275,82;42,722;102,6;425,51;224,4944;-0,3492%
13/02/2019;276,66;42,545;103,09;427,45;225,281;0,5216%
14/02/2019;276,03;42,7;102,42;423,38;224,112;-1,5693%
15/02/2019;279,16;42,605;105,55;431,95;227,685;0,0301%
19/02/2019;279,55;42,732;105,18;431,07;227,6164;-0,6993%
20/02/2019;280,09;43,007;105,69;437,22;229,2194;0,3873%
21/02/2019;279,21;42,765;105,47;435,02;228,335;-0,4298%
22/02/2019;280,82;43,243;105;436,72;229,3206;-0,3913%
25/02/2019;281,26;43,557;106,1;438,93;230,2214;-0,0344%
26/02/2019;281,05;43,583;105,29;440,53;230,3006;-0,1044%
27/02/2019;280,91;43,717;105,16;442,01;230,5414;0,1042%
28/02/2019;280,32;43,287;104,36;443,22;230,3014;-0,4372%
01/03/2019;282,31;43,743;104,43;443,77;231,3126;0,7632%
04/03/2019;281,16;43,963;104,19;437,33;229,5606;0,4983%
05/03/2019;280,8;43,882;104,11;432,52;228,4224;0,6062%
06/03/2019;279,01;43,63;103,72;429,86;227,046;1,1066%
07/03/2019;276,76;43,125;102,97;423,19;224,561;0,2551%
08/03/2019;276,2;43,228;103,01;421,31;223,9896;-1,5513%
11/03/2019;280,21;44,725;104,35;428,1;227,519;-0,1679%
12/03/2019;281,2;45,228;104,04;427,84;227,9016;-0,7361%
13/03/2019;283,15;45,428;104,39;431,84;229,5916;-0,2575%
14/03/2019;283,01;45,932;105,34;433,63;230,1844;-0,3695%
15/03/2019;284,28;46,53;106,55;433,55;231,038;-0,8842%
18/03/2019;285,41;47,005;107,19;440,48;233,099;0,5533%
19/03/2019;285,54;46,632;106,8;434,57;231,8164;0,9425%
20/03/2019;283,39;47,04;104,52;429,92;229,652;-0,5958%
21/03/2019;286,57;48,772;102,87;430,36;231,0284;2,4786%
22/03/2019;281,16;47,763;99,76;417,36;225,4406;0,3434%
25/03/2019;280,91;47,185;98,93;415,41;224,669;-1,0449%
26/03/2019;282,96;46,697;99,92;422,67;227,0414;0,5054%
27/03/2019;281,58;47,118;99,58;419,64;225,8996;-0,7680%
28/03/2019;282,69;47,18;100,71;424,97;227,648;-0,6084%
29/03/2019;284,56;47,487;101,23;427,37;229,0414;-1,8287%
01/04/2019;287,85;47,81;104,64;438,39;233,308;0,0519%
02/04/2019;287,92;48,505;105,14;436,45;233,187;-0,3592%
03/04/2019;288,44;48,838;105,35;439,07;234,0276;-0,3784%
04/04/2019;289,13;48,923;105,56;441,84;234,9166;-0,5063%
05/04/2019;290,45;49,25;105,31;445,1;236,112;-0,2362%
08/04/2019;290,77;50,025;105,65;446,14;236,671;0,8746%
09/04/2019;289,27;49,875;104,87;439,81;234,619;-0,4751%
10/04/2019;290,22;50,155;105,34;442,76;235,739;-0,3198%
11/04/2019;290,2;49,737;106,23;446,11;236,4954;-1,4271%
12/04/2019;292,16;49,717;111,21;454,35;239,9194;0,3472%
15/04/2019;291,92;49,807;109,94;451,86;239,0894;-1,3439%
16/04/2019;292,14;49,812;111,1;466,54;242,3464;-0,2947%
17/04/2019;291,37;50,783;114,3;467,49;243,0626;0,0987%
18/04/2019;292;50,965;113,46;465,69;242,823;0,0629%
22/04/2019;292,3;51,132;113,6;464,02;242,6704;-1,2989%
23/04/2019;294,84;51,87;113,74;474,03;245,864;-0,3752%
24/04/2019;294,22;51,79;113,55;480,17;246,79;0,5287%
25/04/2019;294,04;51,32;113,61;474,45;245,492;-0,6479%
26/04/2019;295,47;51,075;114,47;478,98;247,093;-0,2606%
29/04/2019;295,79;51,153;116,12;479,84;247,7386;-0,3735%
30/04/2019;295,94;50,167;116,05;485,24;248,6674;0,7142%
01/05/2019;293,8;52,63;115,16;479,13;246,904;0,3163%
02/05/2019;293,26;52,287;115,41;476,41;246,1254;-1,0414%
03/05/2019;296,01;52,938;116,12;482,5;248,7156;0,8268%
06/05/2019;294,9;52,12;115,09;476,37;246,676;2,1420%
07/05/2019;289,91;50,715;113,21;463,77;241,503;-0,0273%
08/05/2019;289,52;50,725;112,61;465,47;241,569;0,2894%
09/05/2019;288,72;50,18;112,52;464,22;240,872;-0,0369%
10/05/2019;290;49,295;112,51;463;240,961;3,4825%
13/05/2019;282,8;46,43;109,45;442,78;232,852;-0,8284%
14/05/2019;285,32;47,165;110,32;445,86;234,797;-0,1756%
15/05/2019;287,03;47,73;109,9;444,36;235,21;-0,7712%
16/05/2019;289,56;47,52;111,31;447,24;237,038;0,8346%
17/05/2019;287,9;47,25;110,77;441,56;235,076;0,7032%
20/05/2019;285,98;45,772;111,35;438,09;233,4344;-0,8350%
21/05/2019;288,48;46,65;111,73;441,66;235,4;0,5162%
22/05/2019;287,65;45,695;110,82;439,14;234,191;1,3318%
23/05/2019;284,06;44,915;108,64;433,89;231,113;-0,3594%
24/05/2019;284,76;44,743;109,71;435,76;231,9466;1,1501%
28/05/2019;282,08;44,557;108,52;429,31;229,3094;0,4884%
29/05/2019;280,24;44,345;108,22;427,93;228,195;0,0886%
30/05/2019;280,87;44,575;107,06;426,59;227,993;1,7928%
31/05/2019;277,3;43,768;105,96;415,56;223,9776;-0,2278%
03/06/2019;276,38;43,325;106,46;419,9;224,489;-2,7395%
04/06/2019;282,44;44,91;109,74;434,53;230,812;-0,8229%
05/06/2019;284,86;45,635;110,13;438,15;232,727;-0,4951%
06/06/2019;286,76;46,305;110,37;439,23;233,885;-0,9085%
07/06/2019;289,67;47,537;109,16;444,11;236,0294;-0,3503%
10/06/2019;291;48,145;110,34;443,81;236,859;-0,0090%
11/06/2019;290,95;48,702;110,68;443,12;236,8804;-0,0208%
12/06/2019;290,29;48,548;109,27;446,25;236,9296;-0,4160%
13/06/2019;291,62;48,537;109,54;448,28;237,9194;0,1787%
14/06/2019;291,25;48,185;109,82;446,97;237,495;0,8650%
17/06/2019;289,74;48,472;109,22;440,12;235,4584;-1,4432%
18/06/2019;292,45;49,612;110,71;449,31;238,9064;-0,5226%
19/06/2019;293,24;49,467;109,91;454,95;240,1614;-1,3853%
20/06/2019;296,02;49,865;110,19;465,58;243,535;-0,0689%
21/06/2019;295,57;49,695;109,44;468,24;243,703;0,5172%
24/06/2019;295,27;49,645;108,66;463,4;242,449;1,0345%
25/06/2019;292,41;48,893;107,76;458,36;239,9666;-0,3088%
26/06/2019;292,08;49,95;108,48;460,96;240,71;-0,5178%
27/06/2019;293,28;49,935;108,84;464,48;241,963;-0,8413%
28/06/2019;294,75;49,48;111,8;469,3;244,016;-0,9384%
01/07/2019;297,32;50,388;113,68;472,93;246,3276;0,0671%
02/07/2019;298,23;50,682;113,8;469,87;246,1624;-0,7596%
03/07/2019;300,48;51,103;112,82;475,35;248,0466;-0,2577%
05/07/2019;300,1;51,057;113,49;478,69;248,6874;0,8943%
08/07/2019;298,55;50,005;112,87;472,44;246,483;-0,2529%
09/07/2019;299,03;50,31;113,35;473,82;247,108;-0,3731%
10/07/2019;300,4;50,807;113,02;475,54;248,0334;-0,5055%
11/07/2019;300,93;50,438;114,1;480,07;249,2936;-0,5661%
12/07/2019;302,49;50,825;115,3;482,46;250,713;0,1392%
15/07/2019;302,46;51,303;113,9;481,7;250,3646;0,4436%
16/07/2019;301,44;51,125;115,12;477,17;249,259;0,9319%
17/07/2019;299,48;50,838;113,99;471;246,9576;-0,6227%
18/07/2019;300,65;51,415;114,67;475,14;248,505;0,5908%
19/07/2019;298,9;50,647;113,54;473,24;247,0454;-0,2872%
22/07/2019;299,58;51,805;114,27;473,55;247,757;-0,8552%
23/07/2019;301,72;52,21;116,36;477,46;249,894;-0,2409%
24/07/2019;303,17;52,167;116,83;477,15;250,4974;0,6212%
25/07/2019;301,71;51,755;115,71;473,87;248,951;-0,7266%
26/07/2019;303,77;51,935;116,22;478,17;250,773;0,0674%
29/07/2019;303,22;52,42;115,85;478,31;250,604;0,1491%
30/07/2019;302,48;52,195;115,59;478,41;250,231;1,2753%
31/07/2019;299,23;53,26;116;467,68;247,08;2,0961%
01/08/2019;296,52;52,107;112,94;451,95;242,0074;0,7529%
02/08/2019;294,42;51,005;112,93;448,22;240,199;3,5015%
05/08/2019;285,57;48,335;109,57;431,32;232,073;-1,1740%
06/08/2019;289,38;49,25;110,43;435,71;234,83;0,5696%
07/08/2019;289,66;49,76;108,03;430,39;233,5;-1,7997%
08/08/2019;295,28;50,857;109,86;437,62;237,7794;1,3520%
09/08/2019;293,36;50,248;109,74;426,33;234,6076;1,6621%
12/08/2019;289,81;50,12;107,68;416,44;230,772;-1,8387%
13/08/2019;294,28;52,243;109,34;425,33;235,0946;3,2876%
14/08/2019;285,6;50,688;104,8;411,37;227,6116;0,0389%
15/08/2019;286,34;50,435;105,2;409,3;227,523;-1,9268%
16/08/2019;290,58;51,625;107,72;419,46;231,993;-1,2777%
19/08/2019;294,07;52,588;108,69;425,56;234,9956;1,1369%
20/08/2019;291,79;52,59;107,31;418,29;232,354;-0,7085%
21/08/2019;294,18;53,16;107,61;420,93;234,012;0,0928%
22/08/2019;294,07;53,115;108,72;419;233,795;2,8240%
23/08/2019;286,47;50,66;106,02;407,25;227,374;-0,5609%
26/08/2019;289,66;51,623;106,87;405,47;228,6566;-0,0967%
27/08/2019;288,55;51,04;105,74;410,51;228,878;-0,7486%
28/08/2019;290,5;51,382;106,8;413,84;230,6044;-1,6253%
29/08/2019;294,28;52,252;109,22;422,04;234,4144;-0,0915%
30/08/2019;294,27;52,185;109,86;422,56;234,629;1,0787%
03/09/2019;292,41;51,425;108,56;415,82;232,125;-0,7443%
04/09/2019;295,76;52,298;109,87;415,64;233,8656;-1,7099%
05/09/2019;299,63;53,32;112,37;424,72;237,934;0,0214%
06/09/2019;299,83;53,315;112,61;423,83;237,883;-0,8599%
09/09/2019;299,97;53,542;115,4;430,85;239,9464;0,0373%
10/09/2019;299,95;54,175;116,87;428,34;239,857;-0,8984%
11/09/2019;302,12;55,897;117,19;432,83;242,0314;-0,3651%
12/09/2019;303,08;55,771;117,91;434,75;242,9182;-0,7377%
13/09/2019;302,87;54,688;120,23;442,96;244,7236;0,8084%
16/09/2019;301,98;54,975;119,16;435,71;242,761;-0,3726%
17/09/2019;302,71;55,175;118,57;439,18;243,669;-0,5005%
18/09/2019;302,93;55,693;119,76;443,16;244,8946;0,0076%
19/09/2019;302,89;55,24;119,38;443,98;244,876;0,3457%
20/09/2019;301,22;54,432;118,9;444,39;244,0324;-0,1929%
23/09/2019;301,38;54,68;118,88;446,2;244,504;1,1275%
24/09/2019;297,51;54,42;117,33;442,12;241,778;-0,6523%
25/09/2019;299,19;55,257;118;445,19;243,3654;0,1354%
26/09/2019;298,59;54,972;117,03;446;243,0364;0,2166%
27/09/2019;297;54,705;117,72;446,13;242,511;-0,3131%
30/09/2019;298,52;55,993;117,69;445,64;243,2726;1,7701%
01/10/2019;294,91;56,147;115,55;433,69;239,0414;2,3635%
02/10/2019;289,63;54,74;113,25;420,36;233,522;-0,2967%
03/10/2019;292,04;55,205;112,19;419,61;234,217;-1,6599%
04/10/2019;296,02;56,752;114,62;427,44;238,1704;0,6055%
07/10/2019;294,69;56,765;114,37;423,17;236,737;1,9241%
08/10/2019;290,13;56,1;111,82;413,16;232,268;-0,9364%
09/10/2019;292,88;56,757;112,63;417,17;234,4634;-0,8202%
10/10/2019;294,95;57,522;114,21;420,38;236,4024;-1,9055%
11/10/2019;297,89;59,053;116,14;434;240,9946;-0,0028%
14/10/2019;297,69;58,967;116,45;434,21;241,0014;-1,5903%
15/10/2019;300,62;58,83;119,96;444,45;244,896;-0,0271%
16/10/2019;300,07;58,592;119,68;446,4;244,9624;-0,5560%
17/10/2019;300,91;58,82;120,35;450,67;246,332;0,6338%
18/10/2019;299,6;59,103;120,56;445,04;244,7806;-1,3639%
21/10/2019;301,75;60,127;123,55;453,65;248,1654;0,3499%
22/10/2019;300,7;59,99;124,79;450,32;247,3;-0,7716%
23/10/2019;301,57;60,795;125,12;457,06;249,223;0,1052%
24/10/2019;302,11;60,895;125,03;454,66;248,961;-0,7408%
25/10/2019;303,31;61,645;126,03;459,8;250,819;-0,8897%
28/10/2019;305,01;62,263;126,51;466,56;253,0706;0,1679%
29/10/2019;304,91;60,822;126,43;466,16;252,6464;-0,1575%
30/10/2019;305,87;60,815;125,73;466,94;253,045;0,5144%
31/10/2019;304,97;62,19;124,92;461,7;251,75;-1,4156%
01/11/2019;307,95;63,955;127,8;469,17;255,365;-0,8634%
04/11/2019;309,11;64,375;128,82;476,53;257,589;-0,4143%
05/11/2019;308,74;64,283;129,1;482,44;258,6606;-0,5847%
06/11/2019;308,88;64,31;129,3;489,54;260,182;-0,3117%
07/11/2019;309,98;64,857;130;490,16;260,9954;-0,1521%
08/11/2019;310,67;65,035;130,38;490,21;261,393;0,3366%
11/11/2019;310,16;65,55;129,92;486,79;260,516;-0,0184%
12/11/2019;310,69;65,49;129,16;486,79;260,564;0,0716%
13/11/2019;310,86;66,118;128,48;485,57;260,3776;0,0337%
14/11/2019;311,3;65,66;128,6;484,59;260,29;-0,9664%
15/11/2019;313,61;66,44;129,53;490,96;262,83;-0,1887%
18/11/2019;313,75;66,775;130,62;491,74;263,327;-0,0515%
19/11/2019;313,68;66,573;130,58;492,8;263,4626;0,6137%
20/11/2019;312,52;65,798;129,63;488,81;261,8556;0,3622%
21/11/2019;312,07;65,503;129,93;484,98;260,9106;-0,1655%
22/11/2019;312,74;65,445;130,79;485;261,343;-1,0171%
25/11/2019;315,1;66,592;131,49;491,86;264,0284;0,0037%
26/11/2019;315,73;66,073;131,67;490,89;264,0186;-0,5752%
27/11/2019;317,25;66,96;132,06;494,21;265,546;0,1605%
29/11/2019;316,06;66,812;131,76;494,91;265,1204;0,8806%
02/12/2019;313,41;66,04;131,47;489,7;262,806;0,8540%
03/12/2019;311,25;64,863;129,78;485,76;260,5806;-0,6044%
04/12/2019;313,18;65,435;132,34;486,69;262,165;-0,5017%
05/12/2019;313,84;66,395;133,06;490,3;263,487;-1,0754%
06/12/2019;316,64;67,677;135,04;495,76;266,3514;0,1615%
09/12/2019;315,7;66,73;134,41;497,07;265,922;0,2428%
10/12/2019;315,37;67,12;134,5;494,03;265,278;-0,1304%
11/12/2019;316,17;67,692;134,18;493,91;265,6244;-1,3242%
12/12/2019;318,97;67,865;138,02;502,12;269,189;0,2665%
13/12/2019;319,08;68,787;136,81;498,61;268,4734;-0,4175%
16/12/2019;319,32;69,965;137,34;502,05;269,599;-0,0947%
17/12/2019;319,35;70,103;138,18;502,29;269,8546;0,2279%
18/12/2019;319,37;69,935;138,04;499,49;269,241;-0,3678%
19/12/2019;320,74;70,005;137,35;502,34;270,235;-0,0203%
20/12/2019;322,38;69,86;137,24;499,59;270,29;-0,1205%
23/12/2019;322,61;71;137,2;499,66;270,616;-0,0375%
24/12/2019;322,65;71,067;137,58;499,64;270,7174;-0,7196%
26/12/2019;324,32;72,478;139,04;503,24;272,6796;0,0204%
27/12/2019;324,26;72,45;139,14;503,01;272,624;0,4236%
30/12/2019;322,51;72,88;138,63;500,84;271,474;-0,3394%
31/12/2019;323,24;73,412;139,4;502,7;272,3984;-1,1472%
02/01/2020;326,32;75,088;141,09;508,98;275,5596;1,0200%
03/01/2020;323,81;74,357;138,34;503,57;272,7774;-0,2540%
06/01/2020;325,09;74,95;138,23;504;273,472;0,0924%
07/01/2020;324,2;74,598;135,88;507,22;273,2196;-0,3966%
08/01/2020;325,85;75,798;136,94;507,1;274,3076;-0,9039%
09/01/2020;328,05;77,408;137,44;513,1;276,8096;0,2852%
10/01/2020;327,14;77,582;136,07;512,18;276,0224;-1,3085%
13/01/2020;329,43;79,24;137,2;523,11;279,682;0,3790%
14/01/2020;328,92;78,17;138,8;518,32;278,626;-0,7838%
15/01/2020;329,66;77,835;136,72;530,26;280,827;-0,8281%
16/01/2020;332,4;78,81;137,25;535;283,172;-0,3002%
17/01/2020;333,5;79,683;138,2;535,24;284,0246;0,6692%
21/01/2020;332,78;79,143;136,84;529,14;282,1366;-0,5626%
22/01/2020;332,85;79,425;136,68;536,86;283,733;-0,4311%
23/01/2020;333,26;79,808;136,54;541,94;284,9616;1,0483%
24/01/2020;330,23;79,577;133,15;536,84;282,0054;1,9676%
27/01/2020;324,87;77,238;132,03;523,81;276,5636;-1,2614%
28/01/2020;328,33;79,423;134,43;529,97;280,0966;-0,5342%
29/01/2020;328,1;81,085;134,23;536,49;281,601;-0,4751%
30/01/2020;329,09;80,967;135,89;539,69;282,9454;2,2521%
31/01/2020;323,24;77,378;132,36;527,35;276,7136;-0,5868%
03/02/2020;325,56;77,165;133,37;530,08;278,347;-1,3977%
04/02/2020;330,61;79,713;135,29;535,24;282,2926;-1,2972%
05/02/2020;334,29;80,363;137,59;543,48;286,0026;-1,0181%
06/02/2020;335,57;81,302;137,61;554,67;288,9444;0,2989%
07/02/2020;333,75;80,007;137,17;555,74;288,0834;-0,7750%
10/02/2020;336,22;80,387;137,74;561,1;290,3334;-0,7083%
11/02/2020;336,84;79,902;138;570,44;292,4044;-0,5617%
12/02/2020;339;81,8;138;572,48;294,056;0,3736%
13/02/2020;338,58;81,217;137,88;568,55;292,9614;0,1387%
14/02/2020;339,07;81,238;137,46;565,94;292,5556;0,4159%
18/02/2020;338,26;79,75;135,64;564,81;291,344;-0,9186%
19/02/2020;339,88;80,905;137,49;572,07;294,045;0,5994%
20/02/2020;338,49;80,075;137,49;566,92;292,293;1,4137%
21/02/2020;335,01;78,262;135,81;557;288,2184;4,2483%
24/02/2020;323,83;74,545;132,16;528;276,473;3,7407%
25/02/2020;314,12;72,02;126,26;506;266,504;-0,1178%
26/02/2020;312,91;73,162;126,64;508,47;266,8184;5,6297%
27/02/2020;298,71;68,38;121,37;475,82;252,598;1,9132%
28/02/2020;295,91;68,34;116,11;463,01;247,856;-5,0333%
02/03/2020;310,4;74,702;121,52;487,94;260,9924;2,4014%
03/03/2020;301,5;72,33;116,96;482,07;254,872;-3,4828%
04/03/2020;314,75;75,685;119,85;495,31;264,069;4,1947%
05/03/2020;303,76;73,23;113,97;472,47;253,438;3,1790%
06/03/2020;298,7;72,257;108,08;450,41;245,6294;8,8211%
09/03/2020;274,8;66,543;93,44;419,01;225,7186;-6,7383%
10/03/2020;289,55;71,335;100,7;459;242,027;5,5295%
11/03/2020;275,47;68,857;95,96;430,97;229,3454;10,8755%
12/03/2020;248,96;62,057;88,05;386,22;206,8494;-8,4966%
13/03/2020;271,55;69,493;103,91;413,78;226,0566;14,5828%
16/03/2020;240,12;60,553;88,36;357,28;197,2866;-6,4562%
17/03/2020;255,39;63,215;93,76;386,76;210,903;5,3191%
18/03/2020;241,17;61,667;83,89;373,36;200,2514;-2,5991%
19/03/2020;242,06;61,195;85,3;397,36;205,595;7,3211%
20/03/2020;231,16;57,31;83,5;354,72;191,57;5,0456%
23/03/2020;224,65;56,092;79,03;327,42;182,3684;-10,0402%
24/03/2020;245,88;61,72;88,43;371,7;202,722;-3,4133%
25/03/2020;247,47;61,38;91,73;401,38;209,886;-7,8938%
26/03/2020;262,37;64,61;98,12;451,9;227,874;3,9680%
27/03/2020;254,24;61,935;91,13;434,34;219,177;-3,6391%
30/03/2020;262,36;63,702;93,5;455,35;227,4544;2,4226%
31/03/2020;258,4;63,572;90,03;439,97;222,0744;5,9790%
01/04/2020;246,8;60,228;84,36;409,54;209,5456;-3,0287%
02/04/2020;252,59;61,232;87,51;426,53;216,0904;1,8801%
03/04/2020;249,02;60,353;84,05;418,07;212,1026;-6,6613%
06/04/2020;265,8;65,618;89,46;449,52;227,2396;0,5096%
07/04/2020;265,91;64,857;90,64;443,12;226,0874;-2,6985%
08/04/2020;275;66,518;94,3;450,97;232,3576;-3,1373%
09/04/2020;279,12;66,997;102,76;471,42;239,8834;2,3592%
13/04/2020;276,44;68,312;98,19;452,39;234,3544;-1,9398%
14/04/2020;284,83;71,762;95,5;458,03;238,9904;2,8263%
15/04/2020;278,57;71,107;90,79;443,07;232,4214;-1,3569%
16/04/2020;280,05;71,673;87,33;458,99;235,6186;-3,2693%
17/04/2020;287,58;70,7;95,18;476,87;243,582;1,7756%
20/04/2020;282,46;69,232;91,71;470,8;239,3324;1,5642%
21/04/2020;273,86;67,092;89,05;474,37;235,6464;-1,7718%
22/04/2020;280,06;69,025;89,34;481;239,897;0,8558%
23/04/2020;279,98;68,757;89,39;471,2;237,8614;-1,2526%
24/04/2020;283,9;70,743;90,71;475,14;240,8786;-2,7494%
27/04/2020;288,19;70,793;94,62;496,65;247,6886;0,1989%
28/04/2020;286,64;69,645;95,29;497,77;247,197;-2,6356%
29/04/2020;294,13;71,933;97,86;511,39;253,8886;1,2662%
30/04/2020;291,16;73,45;95,76;502,04;250,714;3,0271%
01/05/2020;283,53;72,268;93,25;484,16;243,3476;0,0442%
04/05/2020;284,63;73,29;92,14;481,51;243,24;-0,8123%
05/05/2020;287,14;74,39;92;485,49;245,232;0,5603%
06/05/2020;285,25;75,158;90,27;483,4;243,8656;-1,8092%
07/05/2020;288,63;75,935;91,21;497,39;248,359;-1,1257%
08/05/2020;293,46;77,533;92,7;498,78;251,1866;0,5766%
11/05/2020;293,45;78,753;89,97;493,11;249,7466;4,5610%
12/05/2020;287,47;77,853;87,03;454,44;238,8526;-1,4490%
13/05/2020;282,54;76,912;84,03;485,8;242,3644;-1,8724%
14/05/2020;285,92;77,385;87,52;498,2;246,989;-1,2737%
15/05/2020;287,16;76,927;85,9;513,73;250,1754;-2,0993%
18/05/2020;296,04;78,74;90,45;516,43;255,54;1,8790%
19/05/2020;292,99;78,285;88,67;501,2;250,827;-1,7026%
20/05/2020;297,99;79,808;91,33;508,74;255,1716;0,4998%
21/05/2020;295,81;79,213;90,17;508,51;253,9026;-0,4548%
22/05/2020;296,41;79,723;89,47;513,3;255,0626;-1,8214%
26/05/2020;300,17;79,183;95,82;523,63;259,7946;-2,0676%
27/05/2020;304,55;79,527;101,37;536,4;265,2794;0,1688%
28/05/2020;303,95;79,562;99,86;536,84;264,8324;0,6359%
29/05/2020;305,18;79,485;97,31;528,64;263,159;-1,1166%
01/06/2020;306,68;80,463;98,6;538,23;266,1306;-0,6653%
02/06/2020;309,23;80,835;98,93;541,34;267,913;-1,5055%
03/06/2020;313,39;81,28;104,27;547,71;272,008;0,1583%
04/06/2020;312,34;80,58;106,44;546,19;271,578;-2,4220%
05/06/2020;320,48;82,875;111,23;556,53;278,319;-0,8090%
08/06/2020;324,4;83,365;113,45;557,33;280,589;0,3094%
09/06/2020;322,01;85,997;110,54;558,06;279,7234;0,4357%
10/06/2020;320,11;88,21;106,06;558,06;278,51;6,3360%
11/06/2020;301,59;83,975;97,21;525,21;261,915;-0,9646%
12/06/2020;305,36;84,7;99,87;527,04;264,466;-1,5982%
15/06/2020;306,89;85,747;101,25;543,03;268,7614;-1,6290%
16/06/2020;312,79;88,02;102,06;550,4;273,212;0,0508%
17/06/2020;311,38;87,897;99,48;555,23;273,0734;-0,1109%
18/06/2020;311,62;87,933;98,94;556,77;273,3766;0,5024%
19/06/2020;309,72;87,43;97,81;555,37;272,01;-0,2572%
22/06/2020;311,94;89,717;96,75;553,21;272,7114;-0,5162%
23/06/2020;313,21;91,632;97,93;554,65;274,1264;2,7580%
24/06/2020;305,3;90,015;94,66;538,57;266,769;-1,4259%
25/06/2020;308,5;91,21;97,96;546,97;270,628;2,6562%
26/06/2020;301,14;88,408;92,59;534,85;263,6256;-0,7161%
29/06/2020;305,66;90,445;93;532,87;265,527;-1,5641%
30/06/2020;309,69;91,2;94,06;544,09;269,746;-0,2586%
01/07/2020;311,81;91,027;93,26;544,32;270,4454;-0,7436%
02/07/2020;313,45;91,027;92,66;551,77;272,4714;-1,4594%
06/07/2020;318,26;93,463;95;557,55;276,5066;1,3080%
07/07/2020;314,98;93,173;92,32;549,23;272,9366;-1,1752%
08/07/2020;317,33;95,342;93,3;557,61;276,1824;0,9554%
09/07/2020;315,72;95,683;91,28;549,44;273,5686;-1,1724%
10/07/2020;318,9;95,92;96,27;554,08;276,814;0,4530%
13/07/2020;316,07;95,478;97,65;552,56;275,5656;-1,3680%
14/07/2020;320,17;97,058;98,21;561,33;279,3876;-1,0923%
15/07/2020;323,16;97,725;99,73;568,59;282,473;0,3405%
16/07/2020;322,04;96,522;100,01;566,96;281,5144;-1,4434%
17/07/2020;322,99;96,327;98,16;587,72;285,6374;0,1129%
20/07/2020;325,66;98,357;97,3;579,6;285,3154;-0,1633%
21/07/2020;326,25;97;99,41;580;285,782;-0,4134%
22/07/2020;328,17;97,272;98,69;582,54;286,9684;1,1610%
23/07/2020;324,2;92,845;98,98;578,15;283,675;0,8963%
24/07/2020;322,13;92,615;98,28;570,62;281,155;-0,7249%
27/07/2020;324,5;94,81;96,9;575,33;283,208;0,6945%
28/07/2020;322,5;93,253;97,32;570,7;281,2546;-1,3197%
29/07/2020;326,38;95,04;99,68;577,6;285,016;0,5830%
30/07/2020;325,26;96,19;97,02;573,09;283,364;-1,1670%
31/07/2020;327,82;106,26;96,64;575,01;286,71;-0,8067%
03/08/2020;330,11;108,938;96,1;579,95;289,0416;0,4415%
04/08/2020;331,3;109,665;95,55;571,04;287,771;-1,1994%
05/08/2020;333,45;110,062;97,21;582,15;291,2644;-0,5782%
06/08/2020;335,71;113,902;97,24;582,23;292,9584;-0,3938%
07/08/2020;335,95;111,113;99,38;588,19;294,1166;0,2109%
10/08/2020;336,96;112,728;100,64;580,2;293,4976;-0,0427%
11/08/2020;334,14;109,375;103,82;586,64;293,623;-1,0564%
12/08/2020;338,8;113,01;102,94;590,24;296,758;0,0276%
13/08/2020;338,22;115,01;102,37;589,56;296,676;0,0824%
14/08/2020;338,19;114,908;102,41;588,46;296,4316;-0,1851%
17/08/2020;339,28;114,607;99,71;592,03;296,9814;0,1224%
18/08/2020;340;115,562;98,32;589,21;296,6184;0,1246%
19/08/2020;338,62;115,707;98,55;589,75;296,2494;0,1977%
20/08/2020;339,66;118,275;97,37;583,36;295,665;-0,6121%
21/08/2020;340,85;124,37;97,32;584,04;297,486;-1,2375%
24/08/2020;344,35;125,857;100,06;591,45;301,2134;-0,0921%
25/08/2020;345,49;124,825;100,5;591,15;301,491;-0,5448%
26/08/2020;349;126,522;99,09;592,1;303,1424;-0,4040%
27/08/2020;349,76;125,01;102,35;594,98;304,372;-0,7032%
28/08/2020;352;124,808;102,77;601,06;306,5276;0,5035%
31/08/2020;350,77;129,04;100,19;594,19;304,992;-0,8917%
01/09/2020;354,06;134,18;100,14;596,24;307,736;-1,3369%
02/09/2020;359,24;131,4;101,65;608;311,906;4,3185%
03/09/2020;346,82;120,88;101,33;579,12;298,994;1,2119%
04/09/2020;343,98;120,96;103,52;564,63;295,414;2,9647%
08/09/2020;334,63;112,82;99,92;552,54;286,908;-1,7929%
09/09/2020;341,18;117,32;100,87;560,18;292,146;2,3587%
10/09/2020;335,22;113,49;99,83;543,31;285,414;0,1432%
11/09/2020;335,38;112;101,07;541,2;285,006;-1,3742%
14/09/2020;339,84;115,355;102,47;547,38;288,977;-0,0854%
15/09/2020;341,57;115,54;99,28;548,16;289,224;-0,5406%
16/09/2020;340,21;112,13;99,7;561,73;290,796;1,5427%
17/09/2020;337,29;110,34;98,56;548,41;286,378;0,2170%
18/09/2020;333,34;106,84;98,35;556,92;285,758;0,8150%
21/09/2020;329,63;110,08;95,31;552,59;283,448;-0,3922%
22/09/2020;332,97;111,81;94,27;550,8;284,564;2,6640%
23/09/2020;323,75;107,12;92,74;538,54;277,18;0,0556%
24/09/2020;324,6;108,22;92,66;535,05;277,026;-1,9946%
25/09/2020;329,88;112,28;93,47;547,81;282,664;-1,8862%
28/09/2020;335,36;114,96;96,16;558,65;288,098;0,6449%
29/09/2020;333,51;114,09;95,35;554,8;286,252;-1,1390%
30/09/2020;336,06;115,81;96,27;563,55;289,55;-0,7132%
01/10/2020;338,24;116,79;96,97;567,91;291,63;0,4838%
02/10/2020;335,05;113,02;97,89;570,12;290,226;-1,8392%
05/10/2020;340,9;116,5;99,04;580,98;295,664;1,0106%
06/10/2020;336,06;113,16;98,02;580,23;292,706;-1,8200%
07/10/2020;341,9;115,08;99,73;592,05;298,132;-1,3559%
08/10/2020;344,98;114,97;101,78;604,44;302,23;-0,9576%
09/10/2020;348,01;116,97;101,2;611,57;305,152;-1,5073%
12/10/2020;353,69;124,4;102,44;614,89;309,822;-0,9280%
13/10/2020;351,39;121,1;100,78;638,96;312,724;0,2552%
14/10/2020;349,19;121,19;100,22;639,85;311,928;-0,4182%
15/10/2020;348,76;120,71;101,72;646,24;313,238;-0,5474%
16/10/2020;348,45;119,02;101,51;657,38;314,962;2,4527%
19/10/2020;343,22;115,98;99,8;634,89;307,422;-0,9652%
20/10/2020;344,57;117,51;100,37;645,07;310,418;0,8486%
21/10/2020;343,9;116,87;99,37;634,99;307,806;-0,4206%
22/10/2020;345,86;115,75;102,88;635,18;309,106;-0,2935%
23/10/2020;346,96;115,04;103,81;637,31;310,016;2,0018%
26/10/2020;340,59;115,05;101,24;622,19;303,932;0,6851%
27/10/2020;339,43;116,6;99,33;614,53;301,864;3,0808%
28/10/2020;327,88;111,2;96,54;600,71;292,842;-0,8740%
29/10/2020;331,15;115,32;97,17;602,33;295,424;1,0791%
30/10/2020;327,62;108,86;98,04;599,21;292,27;-1,6992%
02/11/2020;331,36;108,77;100,25;614,87;297,322;-2,0466%
03/11/2020;337,28;110,44;103,41;629,26;303,534;-2,4797%
04/11/2020;344,73;114,95;100,25;651,6;311,252;-2,3989%
05/11/2020;351,47;119,03;104,35;668,19;318,902;0,9548%
06/11/2020;351,44;118,69;102,96;654,9;315,886;-1,9536%
09/11/2020;355,83;116,32;116,9;666,02;322,18;0,4408%
10/11/2020;355,37;115,97;116,52;660,6;320,766;-1,0440%
11/11/2020;357,93;119,49;114,78;670,62;324,15;1,2077%
12/11/2020;354,52;119,21;113,37;659,79;320,282;-1,2566%
13/11/2020;359,34;119,26;114,08;669,77;324,358;-1,2086%
16/11/2020;363,8;120,3;117,3;676,43;328,326;0,9060%
17/11/2020;361,95;119,39;116,11;667,49;325,378;0,5277%
18/11/2020;357,59;118,03;115,25;669,89;323,67;-0,4558%
19/11/2020;359,04;118,64;115,56;673,48;325,152;0,4871%
20/11/2020;356,63;117,34;114,57;672,71;323,576;-0,8731%
23/11/2020;358,77;113,85;117,87;682,87;326,426;-2,0806%
24/11/2020;364,51;115,17;123,32;699,3;333,362;-0,1701%
25/11/2020;363,99;116,03;122,03;703,61;333,93;-0,7862%
27/11/2020;364,98;116,59;121,22;715,11;336,576;1,2612%
30/11/2020;363,32;119,05;117,88;698,35;332,384;-1,7969%
01/12/2020;367,32;122,72;119,74;715,23;338,466;-0,4324%
02/12/2020;368,1;123,08;122,04;718,36;339,936;0,2371%
03/12/2020;368,03;122,94;121,24;715,42;339,132;0,3088%
04/12/2020;371,19;122,25;122,34;703,47;338,088;-0,3349%
07/12/2020;370,5;123,75;121,88;709,49;339,224;-0,4250%
08/12/2020;371,53;124,38;122;713,92;340,672;1,3259%
09/12/2020;368,28;121,78;121,05;701,68;336,214;0,1782%
10/12/2020;368,08;123,24;120,27;698,41;335,616;0,3390%
11/12/2020;367,62;122,41;119,56;695,2;334,482;1,1926%
14/12/2020;364,35;121,78;118,3;683,92;330,54;-1,9169%
15/12/2020;369,31;127,88;120,32;698,18;337;-0,0978%
16/12/2020;369,9;127,81;120,67;698,37;337,33;-0,6860%
17/12/2020;371,96;128,7;119,67;706,01;339,66;0,7585%
18/12/2020;370,49;126,655;119,08;698,8;337,103;-0,2152%
21/12/2020;369,27;128,23;123,55;698,83;337,83;0,2945%
22/12/2020;368,56;131,88;121,67;693,52;336,838;-0,7800%
23/12/2020;368,88;130,96;125,07;703,64;339,486;-0,4025%
24/12/2020;370,31;131,97;124,52;707,18;340,858;-0,8713%
28/12/2020;373,53;136,69;125,34;710,18;343,854;0,4376%
29/12/2020;372,81;134,87;125,01;706,28;342,356;-0,1656%
30/12/2020;373,3;133,72;125,36;708,94;342,924;-1,0080%
31/12/2020;375,39;132,69;127,07;721,54;346,416;1,4966%
04/01/2021;370,22;129,41;125,87;710,82;341,308;-0,5849%
05/01/2021;372,67;131,01;125,65;714,58;343,316;-1,5130%
06/01/2021;374,92;126,6;131,55;734,96;348,59;-1,9796%
07/01/2021;380,47;130,92;135,87;750,42;355,63;-0,6509%
08/01/2021;382,64;132,05;136,02;756,45;357,96;-0,2336%
11/01/2021;380,14;128,98;138,05;766,68;358,798;-0,7288%
12/01/2021;380,2;128,8;140,22;777,74;361,432;-0,3392%
13/01/2021;381,16;130,89;140,35;779,75;362,662;2,2586%
14/01/2021;379,84;128,91;141,17;743,5;354,652;1,4602%
15/01/2021;377,1;127,14;138,64;727,76;349,548;-0,6751%
19/01/2021;380,05;127,83;138,04;733,65;351,924;-1,1505%
20/01/2021;385,28;132,03;135,97;741,54;356,02;-0,2823%
21/01/2021;385,62;136,87;134,83;742,2;357,028;0,4847%
22/01/2021;384,31;139,07;133,79;735,05;355,306;0,3859%
25/01/2021;385,84;142,92;132,12;722,98;353,94;0,1454%
26/01/2021;385,27;143,16;131,58;721,85;353,426;2,7730%
27/01/2021;375,87;142,06;127,86;697,79;343,89;-1,4760%
28/01/2021;379,05;137,09;130,11;719,91;349,042;2,3626%
29/01/2021;371,52;131,96;128,67;701,26;340,986;-1,5703%
01/02/2021;377,6;134,14;129,62;713,17;346,426;-1,8078%
02/02/2021;382,96;134,99;133,61;729,5;352,804;0,2466%
03/02/2021;383,26;133,94;135,14;724,08;351,936;-1,3240%
04/02/2021;387,6;137,39;138,25;732,45;356,658;0,2237%
05/02/2021;389,12;136,76;137,98;726,33;355,862;-0,4638%
08/02/2021;392,05;136,91;140,14;726,45;357,52;-0,0129%
09/02/2021;391,72;136,01;139,58;728,8;357,566;0,3643%
10/02/2021;391,56;135,39;139,66;723,17;356,268;0,0601%
11/02/2021;392,22;135,13;139,27;721,43;356,054;-0,4301%
12/02/2021;394,18;135,37;141,25;722,98;357,592;-0,4416%
16/02/2021;393,87;133,19;144,65;730,31;359,178;0,6005%
17/02/2021;393,92;130,84;145,1;721,39;357,034;1,2386%
18/02/2021;392,25;129,71;145,59;703,53;352,666;-0,4342%
19/02/2021;391,51;129,87;148,02;710,11;354,204;0,8778%
22/02/2021;388,53;126;149,41;703,14;351,122;-0,1081%
23/02/2021;388,94;125,86;150,61;703,16;351,502;-1,1040%
24/02/2021;393,21;125,35;153,26;712,1;355,426;2,4566%
25/02/2021;383,78;120,99;151,18;694,79;346,904;0,4663%
26/02/2021;381,77;121,26;147,17;694,5;345,294;-2,9828%
01/03/2021;391,03;127,79;150,5;719,2;355,91;0,6829%
02/03/2021;388,02;125,12;150,01;716,31;353,496;1,4545%
03/03/2021;382,84;122,06;152,91;701,49;348,428;1,8736%
04/03/2021;378,1;120,13;150,56;683,21;342,02;-1,9860%
05/03/2021;385,07;121,42;150,91;702,28;348,95;0,5846%
08/03/2021;383,19;116,36;152,91;698,96;346,922;-2,1153%
09/03/2021;388,59;121,085;151,83;722;354,419;-0,7535%
10/03/2021;390,97;119,98;155,13;728,5;357,11;-0,1582%
11/03/2021;394,99;121,96;154,32;722,12;357,676;0,2124%
12/03/2021;395,61;121,03;156,15;716,19;356,918;-0,5461%
15/03/2021;398,01;123,99;155,37;719,01;358,878;-0,1480%
16/03/2021;397,45;125,57;153,51;723,07;359,41;-0,4719%
17/03/2021;398,75;124,76;155,09;728,22;361,114;0,9957%
18/03/2021;392,93;120,53;157,65;723,73;357,554;-0,0782%
19/03/2021;392,2;119,99;155,14;729,64;357,834;-0,3736%
22/03/2021;395,3;123,39;150,97;730,92;359,176;1,2899%
23/03/2021;392,22;122,54;149,46;716,57;354,602;-0,0490%
24/03/2021;390,21;120,09;150,62;722,75;354,776;-0,5048%
25/03/2021;391,12;120,59;152,55;727,5;356,576;-2,4736%
26/03/2021;397,45;121,21;155,09;756,9;365,62;0,0914%
29/03/2021;397,25;121,39;152,68;757,86;365,286;0,5644%
30/03/2021;396,27;119,9;154,48;749,26;363,236;-0,4276%
31/03/2021;397,82;122,15;152,23;753,96;364,796;-1,2838%
01/04/2021;402,08;123;153,71;766,83;369,54;-1,6783%
05/04/2021;407,85;125,9;153,62;784,02;375,848;0,1909%
06/04/2021;407,6;126,21;152,54;781,71;375,132;-0,6036%
07/04/2021;408,11;127,9;154,93;788;377,41;-0,9994%
08/04/2021;410,01;130,36;155,12;800,6;381,22;-0,9090%
09/04/2021;412,98;132,995;156,28;808,35;384,717;0,1101%
12/04/2021;413,15;131,24;155,95;807,98;384,294;0,0906%
13/04/2021;414,36;134,43;154,09;802,49;383,946;0,4952%
14/04/2021;412,98;132,03;151,21;801,07;382,054;-1,4995%
15/04/2021;417,42;134,5;152,17;817,84;387,87;0,1373%
16/04/2021;418,89;134,16;153,3;811,45;387,338;0,2293%
19/04/2021;416,84;134,84;152,65;811,09;386,452;0,9034%
20/04/2021;413,81;133,11;149,27;804,96;382,992;-0,8271%
21/04/2021;417,68;133,5;150,54;811,53;386,186;1,4906%
22/04/2021;413,97;131,94;147,37;795,32;380,514;-1,6404%
23/04/2021;418,31;134,32;150,19;813,17;386,86;-0,4016%
26/04/2021;419,25;134,72;150,56;818,32;388,42;-0,1178%
27/04/2021;419,12;134,39;151,25;820,51;388,878;0,2258%
28/04/2021;418,96;133,58;152,23;816,28;388,002;-0,9800%
29/04/2021;421,61;133,48;155,19;827,32;391,842;0,8691%
30/04/2021;418,88;131,46;153,81;819,3;388,466;-0,4485%
03/05/2021;419,78;132,54;153,36;825,62;390,216;-0,1607%
04/05/2021;417,23;127,85;155,48;836,43;390,844;-0,8619%
05/05/2021;417,29;128,1;157,52;851,01;394,242;-1,3848%
06/05/2021;420,68;129,74;160,69;867,1;399,778;-0,6881%
07/05/2021;423,73;130,21;161,24;873,83;402,548;1,4108%
10/05/2021;419,61;126,85;161,22;857,45;396,948;1,2473%
11/05/2021;415,87;125,91;158,54;844,1;392,058;2,2220%
12/05/2021;406,98;122,77;157,45;823,5;383,536;-1,6110%
13/05/2021;411,81;124,97;161,5;838,99;389,816;-1,7932%
14/05/2021;418,17;127,45;164,01;856,87;396,934;0,5029%
17/05/2021;417,17;126,27;164,67;849,46;394,948;1,0356%
18/05/2021;413,58;124,85;162,35;840,14;390,9;0,2698%
19/05/2021;412,46;124,69;161,11;838,52;389,848;-0,8858%
20/05/2021;416,82;127,31;160,83;844,88;393,332;-0,7750%
21/05/2021;416,58;125,43;162,66;860,77;396,404;-1,1234%
24/05/2021;420,77;127,1;163,54;872,36;400,908;0,0899%
25/05/2021;419,86;126,9;161,85;874,27;400,548;-0,1958%
26/05/2021;420,63;126,85;161,83;876,73;401,334;-0,0543%
27/05/2021;420,85;125,28;164,35;876,43;401,552;-0,0712%
28/05/2021;421,65;124,61;164,24;877,04;401,838;-0,0343%
01/06/2021;421,32;124,28;166,05;876,91;401,976;-0,6279%
02/06/2021;422,02;125,06;166,06;887,42;404,516;0,5488%
03/06/2021;420,41;123,54;166,17;881,01;402,308;-0,7950%
04/06/2021;424,24;125,89;166,44;886,85;405,532;0,1670%
07/06/2021;423,88;125,9;165,66;884,96;404,856;0,0109%
08/06/2021;423,9;126,74;165;884,52;404,812;0,8274%
09/06/2021;423,22;127,13;162,94;870,94;401,49;0,2707%
10/06/2021;424,04;126,11;160,4;867,44;400,406;-0,7806%
11/06/2021;424,74;127,35;160,29;880,66;403,556;0,0709%
14/06/2021;425,76;130,48;157,57;876,78;403,27;0,0327%
15/06/2021;424,93;129,64;155,18;881,01;403,138;0,7377%
16/06/2021;422,58;130,15;156,27;869,35;400,186;0,1833%
17/06/2021;422,45;131,79;151,76;868,82;399,454;2,2825%
18/06/2021;416,77;130,46;147,92;840,78;390,54;-1,8393%
21/06/2021;422,65;132,3;150,43;861,26;397,858;-0,4494%
22/06/2021;424,66;133,98;150,21;864,76;399,654;-0,0395%
23/06/2021;424,41;133,7;151,12;865,42;399,812;-0,3956%
24/06/2021;426,87;133,41;152,51;867,34;401,4;-0,5485%
25/06/2021;428,44;133,11;154,05;874,03;403,614;-0,4184%
28/06/2021;429,35;134,78;154,33;878,74;405,31;0,1715%
29/06/2021;429,54;136,33;154,14;873,53;404,616;-0,2087%
30/06/2021;429,92;136,96;155,54;874,97;405,462;-0,5382%
01/07/2021;432,35;137,27;157,08;879,23;407,656;-1,0976%
02/07/2021;435,64;139,96;156,03;893,63;412,18;0,1813%
06/07/2021;434,53;142,02;153,41;892,68;411,434;-0,7023%
07/07/2021;436,31;144,57;153,59;900,94;414,344;1,7394%
08/07/2021;432,81;143,24;150,94;876,5;407,26;-1,9600%
09/07/2021;437,41;145,11;155,77;901,31;415,402;-0,9287%
12/07/2021;439,03;144,5;158;915,92;419,296;0,5824%
13/07/2021;437,49;145,64;155,65;908,07;416,868;1,1457%
14/07/2021;438,07;149,15;155,12;880,32;412,146;0,1774%
15/07/2021;436,57;148,48;155,46;880;411,416;0,8442%
16/07/2021;433,27;146,39;151,91;875,02;407,972;2,5994%
19/07/2021;426,8;142,45;146,97;845,16;397,636;-2,5727%
20/07/2021;432,99;146,15;149,71;878,84;408,136;-0,6456%
21/07/2021;436,5;145,4;152,86;882,68;410,788;0,7085%
22/07/2021;437,45;146,8;150,93;866,86;407,898;-0,5937%
23/07/2021;441,76;148,56;150,64;868,95;410,334;-0,3081%
26/07/2021;442,94;148,99;151,65;871,49;411,602;0,7870%
27/07/2021;440,92;146,77;151,45;861,88;408,388;0,1565%
28/07/2021;440,68;144,98;151,7;860,71;407,75;-0,7091%
29/07/2021;442,64;145,64;153;869,39;410,662;0,3764%
30/07/2021;440,4;145,86;151,78;867,17;409,122;-0,1640%
02/08/2021;439,51;145,52;151,17;873,26;409,794;-0,8483%
03/08/2021;443,02;147,36;152,89;880,21;413,3;0,2173%
04/08/2021;440,91;146,95;151,24;882,01;412,404;-0,7112%
05/08/2021;443,65;147,06;153,15;889,28;415,358;-0,5640%
06/08/2021;444,42;146,14;157,5;896,09;417,714;-0,2407%
09/08/2021;444,11;146,09;157,33;901,97;418,722;-0,6204%
10/08/2021;444,63;145,6;159,26;912,56;421,336;-0,4155%
11/08/2021;445,68;145,86;161,16;917,09;423,094;-0,3387%
12/08/2021;446,72;148,89;161,79;918,54;424,532;0,0481%
13/08/2021;447,85;149,1;159,98;916,86;424,328;-0,5298%
16/08/2021;449;151,12;158,93;924,89;426,588;1,1486%
17/08/2021;445,95;150,19;157,01;909,62;421,744;1,0829%
18/08/2021;441,14;146,36;155,58;901,91;417,226;-0,1058%
19/08/2021;441,79;146,7;154,28;903,78;417,668;-1,0594%
20/08/2021;445,31;148,19;154,72;917,17;422,14;-1,0292%
23/08/2021;449,19;149,71;156,7;927,86;426,53;-0,1765%
24/08/2021;449,97;149,62;157,67;929,19;427,284;-0,6603%
25/08/2021;450,91;148,36;160,92;939,52;430,124;0,4179%
26/08/2021;448,25;147,54;161,75;935,88;428,334;-1,3496%
27/08/2021;452,19;148,6;163,05;954,94;434,194;0,0429%
30/08/2021;454,2;153,12;160,44;948,08;434,008;0,3491%
31/08/2021;453,71;151,83;159,95;943,29;432,498;-0,0638%
01/09/2021;453,91;152,51;159,72;943,82;432,774;-0,5264%
02/09/2021;455,27;153,65;160,46;950,67;435,064;0,6529%
03/09/2021;455,07;154,3;159,49;937,28;432,242;0,6183%
07/09/2021;453,6;156,69;159,21;924,83;429,586;0,1856%
08/09/2021;453;155,11;158,5;924,34;428,79;0,3083%
09/09/2021;450,98;154,07;159,19;922,14;427,472;0,9126%
10/09/2021;447,54;148,97;157,36;916,62;423,606;-0,2261%
13/09/2021;448,58;149,55;159,86;916,26;424,566;1,1103%
14/09/2021;446,19;148,12;157,07;901,95;419,904;-0,8088%
15/09/2021;449,9;149,03;158,16;909,65;423,328;1,0117%
16/09/2021;449,06;148,79;158,09;890,44;419,088;1,2373%
17/09/2021;444,73;146,06;157,68;876,63;413,966;2,0812%
20/09/2021;437,23;142,94;152,96;857,27;405,526;0,5963%
21/09/2021;436,98;143,43;152,98;845,24;403,122;-0,9718%
22/09/2021;441,29;145,85;155,91;851,05;407,078;-2,0194%
23/09/2021;446,58;146,83;161,18;876,17;415,468;0,0617%
24/09/2021;445,74;146,92;163,04;874,62;415,212;-0,0212%
27/09/2021;444,34;145,37;166,98;875,47;415,3;1,8142%
28/09/2021;435,47;141,91;166,08;860,57;407,9;0,0839%
29/09/2021;436,22;142,83;165,95;856,57;407,558;1,6106%
30/09/2021;430,82;141,5;163,69;838,66;401,098;-0,8935%
01/10/2021;435,95;142,65;167,13;841,89;404,714;1,5731%
04/10/2021;430,29;139,14;166,95;825,56;398,446;-1,2843%
05/10/2021;434,8;141,11;168,66;838,78;403,63;-0,1840%
06/10/2021;436,65;142;169,02;837,55;404,374;-0,7072%
07/10/2021;440,27;143,29;170,09;842,35;407,254;-0,0241%
08/10/2021;439,62;142,9;170,22;844,4;407,352;0,7369%
11/10/2021;436,34;142,81;166,64;839,73;404,372;0,4132%
12/10/2021;435,24;141,51;165,36;836,19;402,708;-1,4565%
13/10/2021;436,79;140,91;161;867,81;408,66;-2,1539%
14/10/2021;444,27;143,76;163,47;892,51;417,656;-1,2199%
15/10/2021;447,68;144,84;166,61;907,26;422,814;0,3179%
18/10/2021;448,98;146,55;166,55;896,31;421,474;-0,7830%
19/10/2021;452,51;148,76;168,57;901,65;424,8;-0,3533%
20/10/2021;454,25;149,26;170,84;902,93;426,306;-0,0951%
21/10/2021;455,43;149,48;169,5;903,72;426,712;-0,5426%
22/10/2021;454,88;148,69;171,78;914,97;429,04;-0,6318%
25/10/2021;457,26;148,64;170,94;924,74;431,768;-0,4161%
26/10/2021;457,78;149,32;171,4;931,58;433,572;1,0455%
27/10/2021;455,74;148,85;167,83;917,27;429,086;-1,5248%
28/10/2021;460,12;152,57;170,36;935,48;435,73;-0,2965%
29/10/2021;460,99;149,8;169,89;943,46;437,026;0,2873%
01/11/2021;461,94;148,96;169,8;936,23;435,774;-0,7737%
02/11/2021;463,76;150,02;170,47;947,85;439,172;-0,5021%
03/11/2021;466,61;151,49;170,53;951,7;441,388;-0,1741%
04/11/2021;468,75;150,96;168,29;954,04;442,158;-0,2009%
05/11/2021;470,4;151,28;168,05;955,11;443,048;-0,5348%
08/11/2021;470,89;150,44;169,06;965,87;445,43;0,1488%
09/11/2021;469,25;150,81;167,78;966,75;444,768;0,8165%
10/11/2021;465,54;147,92;167,62;959,21;441,166;-0,3033%
11/11/2021;465,73;147,87;167,61;965,6;442,508;-0,6341%
12/11/2021;469,16;149,99;166,86;971,49;445,332;0,8287%
15/11/2021;469,28;150;166,56;953,24;441,672;0,0340%
16/11/2021;471,15;151;165,36;948,95;441,522;0,8234%
17/11/2021;470,04;153,49;164,47;931,54;437,916;0,1239%
18/11/2021;471,59;157,87;163,05;922,77;437,374;0,4045%
19/11/2021;470,82;160,55;160,92;914,95;435,612;-0,2501%
22/11/2021;469,41;161,02;164,35;919,33;436,704;-0,9849%
23/11/2021;470,06;161,41;168,28;935,43;441,048;0,1390%
24/11/2021;471,28;161,94;166,96;930,72;440,436;2,8278%
26/11/2021;460,62;156,81;161,93;901,64;428,324;-1,8717%
29/11/2021;466,5;160,24;161,23;928;436,494;1,7943%
30/11/2021;457,63;165,3;158,83;904,61;428,8;0,7722%
01/12/2021;452,29;164,77;157,89;900,33;425,514;-1,6080%
02/12/2021;459,26;163,76;161,21;918,85;432,468;1,5193%
03/12/2021;455,14;161,84;158,29;899,57;425,996;-0,6270%
06/12/2021;460,62;165,32;160,16;896,7;428,684;-2,3521%
07/12/2021;470,19;171,18;162,57;920,92;439,01;-0,3387%
08/12/2021;471,43;175,08;160,71;923,86;440,502;0,5437%
09/12/2021;468,25;174,56;160,46;919,08;438,12;-0,8738%
10/12/2021;472,74;179,45;159,82;925,16;441,982;1,1188%
13/12/2021;467,07;175,74;157,92;917,66;437,092;1,0206%
14/12/2021;463,77;174,33;159,13;902,38;432,676;-1,4078%
15/12/2021;471,06;179,3;157,94;914,91;438,854;0,3003%
16/12/2021;466,74;172,26;160,41;921,55;437,54;1,0163%
17/12/2021;462,11;171,14;156,76;913,57;433,138;1,4460%
20/12/2021;456,92;169,75;153,94;897,29;426,964;-1,6244%
21/12/2021;465,06;172,99;156,09;910,87;434,014;-0,6096%
22/12/2021;469,75;175,64;156,7;911,54;436,676;-0,4260%
23/12/2021;472,63;176,28;157,26;913,92;438,544;-1,2226%
27/12/2021;479,4;180,33;158,16;922,57;443,972;0,0924%
28/12/2021;479,03;179,29;158,64;921,82;443,562;0,5026%
29/12/2021;479,53;179,38;158,56;909,72;441,344;-0,0036%
30/12/2021;478,18;178,2;158,48;913,76;441,36;0,0608%
31/12/2021;476,99;177,57;158,35;915,56;441,092;-0,4361%
03/01/2022;479,84;182,01;161,7;911,73;443,024;-0,4042%
04/01/2022;479,68;179,7;167,83;917,22;444,822;2,4402%
05/01/2022;470,33;174,92;163,78;891,77;434,226;-0,0847%
06/01/2022;469,98;172;165,52;895,49;434,594;0,2385%
07/01/2022;468,1;172,17;167,16;892,27;433,56;0,9552%
10/01/2022;467,22;172,19;167,32;873,34;429,458;-1,2477%
11/01/2022;471,83;175,08;167,49;888,19;434,884;-0,0377%
12/01/2022;473,08;175,53;168,44;885,11;435,048;1,5907%
13/01/2022;466,59;172,19;168,23;867,58;428,236;1,3308%
14/01/2022;466,75;173,07;157,89;848,6;422,612;2,0767%
18/01/2022;458,5;169,8;151,27;832;414,014;1,0688%
19/01/2022;453,76;166,23;148,93;825,5;409,636;0,5903%
20/01/2022;448,72;164,51;147,66;826,55;407,232;2,4035%
21/01/2022;439,98;162,41;145,08;800,92;397,674;0,6041%
24/01/2022;441,52;161,62;144,95;786,82;395,286;-0,0662%
25/01/2022;436,44;159,78;146,53;798,55;395,548;0,1925%
26/01/2022;435,43;159,69;147,92;795,47;394,788;0,7724%
27/01/2022;433,16;159,22;145,31;787,96;391,762;-2,6717%
28/01/2022;443,75;170,33;146,61;808,14;402,516;-1,8187%
31/01/2022;451,77;174,78;148,6;822,94;409,972;-0,5642%
01/02/2022;454,89;174,61;151,15;825,95;412,298;-0,2574%
02/02/2022;459,26;175,84;149,94;822,51;413,362;2,0864%
03/02/2022;448,6;172,9;148,7;805,77;404,914;-0,5843%
04/02/2022;450,85;172,39;152,56;809,82;407,294;-0,1804%
07/02/2022;449,25;171,66;153,07;816,92;408,03;-0,1791%
08/02/2022;452,82;174,83;155,95;807,39;408,762;-1,0204%
09/02/2022;459,5;176,28;156,6;813;412,976;2,7805%
10/02/2022;451,38;172,12;155,95;778,19;401,804;1,4785%
11/02/2022;442,35;168,64;153,92;772,49;395,95;0,8276%
14/02/2022;440,91;168,88;152,49;760,31;392,7;-2,0552%
15/02/2022;448;172,79;154,72;781,19;400,94;-0,1638%
16/02/2022;448,51;172,55;155;783,42;401,598;2,3957%
17/02/2022;439,1;168,88;151,43;762,5;392,202;0,6885%
18/02/2022;436,07;167,3;152,14;756,02;389,52;1,2082%
22/02/2022;431,34;164,32;151,87;745,48;384,87;1,9140%
23/02/2022;423,48;160,07;148,69;732,49;377,642;-0,5870%
24/02/2022;430,14;162,74;144,55;731,79;379,872;-2,2415%
25/02/2022;439,61;164,85;147,97;750,87;388,582;0,7603%
28/02/2022;438,72;165,12;141,8;743,89;385,65;2,6593%
01/03/2022;431,92;163,2;136,45;714,81;375,66;-2,3489%
02/03/2022;439,8;166,56;139,28;738,04;384,696;0,3061%
03/03/2022;437,69;166,23;138,29;737,71;383,522;2,9833%
04/03/2022;433,95;163,17;134,4;696,59;372,412;2,9912%
07/03/2022;421,2;159,3;129,21;677,07;361,596;1,3027%
08/03/2022;418,06;157,44;128,3;662,87;356,946;-3,4373%
09/03/2022;429,31;162,95;133,44;693,25;369,652;0,3257%
10/03/2022;427,34;158,52;131,86;697,2;368,452;1,5198%
11/03/2022;422,01;154,73;128,89;687,04;362,936;-0,0705%
14/03/2022;418,82;150,62;130,17;697,53;363,192;-1,9100%
15/03/2022;428,04;155,09;132,48;707,67;370,264;-2,7740%
16/03/2022;437,52;159,59;138,4;731,11;380,828;-1,2181%
17/03/2022;442,96;160,62;140,15;740,93;385,524;-0,5392%
18/03/2022;447,7;163,98;140,1;738,59;387,614;0,2063%
21/03/2022;447,61;165,38;139,65;733,83;386,816;-1,5460%
22/03/2022;453,07;168,82;142,62;746,87;392,89;1,1961%
23/03/2022;447,39;170,21;139,78;736,46;388,246;-0,8443%
24/03/2022;452,36;174,07;140,69;738,28;391,552;-0,4677%
25/03/2022;454,64;174,72;141,92;741,04;393,392;-0,7593%
28/03/2022;457,83;175,6;140,87;749,88;396,402;-1,9157%
29/03/2022;463,67;178,96;141,18;773,24;404,144;0,1720%
30/03/2022;460,79;177,77;140,54;777,36;403,45;1,7539%
31/03/2022;453,69;174,61;136,32;764,17;396,496;-0,3258%
01/04/2022;454,79;174,31;135,31;769,76;397,792;-1,2521%
04/04/2022;458,8;178,44;135,91;782,23;402,836;1,7977%
05/04/2022;452,89;175,06;133,34;764,43;395,722;1,7003%
06/04/2022;448,49;171,83;131,49;745,23;389,106;-0,4100%
07/04/2022;450,71;172,14;131,09;748,89;390,708;0,7655%
08/04/2022;449,51;170,09;133,49;736,1;387,74;1,4702%
11/04/2022;441,74;165,75;133;728,38;382,122;0,7637%
12/04/2022;440,05;167,66;131,54;716,83;379,226;-0,4050%
13/04/2022;445,2;170,4;127,3;715,74;380,768;2,4132%
14/04/2022;439,7;165,29;126,12;688,17;371,796;0,3092%
18/04/2022;439,86;165,07;128,46;680;370,65;-2,1520%
19/04/2022;446,96;167,4;131,12;701,57;378,802;0,1629%
20/04/2022;446,56;167,23;131,58;699;378,186;1,7384%
21/04/2022;440,09;166,42;130,56;681,46;371,724;2,8510%
22/04/2022;427,78;161,79;126,81;662,94;361,42;-0,6416%
25/04/2022;430,42;162,88;126,77;668,28;363,754;3,1838%
26/04/2022;417,89;156,8;123,02;647,05;352,53;0,1898%
27/04/2022;419,15;156,57;121,42;643,02;351,862;-2,1143%
28/04/2022;429,68;163,64;123,34;650,97;359,462;3,9623%
29/04/2022;413,56;157,65;119,36;624,68;345,762;-0,3941%
02/05/2022;416,22;157,96;120,45;624,8;347,13;-0,8126%
03/05/2022;418,15;159,48;123,03;631,06;349,974;-3,8443%
04/05/2022;430,74;166,02;127,1;665,23;363,966;4,2644%
05/05/2022;415,45;156,77;123,92;633,81;349,08;0,5392%
06/05/2022;413,21;157,28;123,72;628,62;347,208;3,3776%
09/05/2022;399,92;152,06;121,86;605,56;335,864;-0,3400%
10/05/2022;400,71;154,51;118,89;610,23;337,01;1,8914%
11/05/2022;394,39;146,5;118,14;600,35;330,754;0,3124%
12/05/2022;393,81;142,56;118,04;600,4;329,724;-2,3532%
13/05/2022;403,41;147,11;119,09;615,33;337,67;1,3525%
16/05/2022;401,71;145,54;118,26;598,6;333,164;-2,1947%
17/05/2022;410,03;149,24;122,18;611,72;340,64;3,8606%
18/05/2022;393,56;140,82;120,09;591,86;327,978;0,5488%
19/05/2022;391,1;137,35;118,31;593,08;326,188;-0,4292%
20/05/2022;391,3;137,59;117,34;600,44;327,594;-2,2947%
23/05/2022;398,61;143,11;124,6;611,51;335,288;-0,0078%
24/05/2022;395,75;140,36;126,36;618,35;335,314;-0,9623%
25/05/2022;399,25;140,52;127,24;626,6;338,572;-2,6969%
26/05/2022;407,06;143,78;129,44;652,44;347,956;-2,3660%
27/05/2022;417,25;149,64;131,27;666,53;356,388;0,1152%
31/05/2022;414,87;148,84;132,23;669,08;355,978;1,0067%
01/06/2022;411,51;148,71;129,91;660,51;352,43;-2,5478%
02/06/2022;419,26;151,21;132;686,49;361,644;2,0417%
03/06/2022;412,38;145,38;130,16;671,74;354,408;-0,3604%
06/06/2022;413,62;146,14;129,73;675,34;355,69;-0,8286%
07/06/2022;417,46;148,71;130,07;679,61;358,662;1,6472%
08/06/2022;412,94;147,96;128;662,41;352,85;1,8749%
09/06/2022;401,99;142,64;125,31;659,85;346,356;4,6639%
10/06/2022;390,13;137,13;119,55;617,67;330,922;3,6171%
13/06/2022;375,13;131,88;115,99;598,72;319,37;0,6644%
14/06/2022;374,13;132,76;114,06;591,23;317,262;-1,4506%
15/06/2022;379,46;135,43;115,41;599,9;321,932;2,9695%
16/06/2022;366,99;130,06;113,43;585,77;312,648;0,0685%
17/06/2022;367,66;131,56;113,03;582,26;312,434;-3,5852%
21/06/2022;377,01;135,87;115,83;614,54;324,052;0,4794%
22/06/2022;376,36;135,35;115,18;609,28;322,506;-1,5044%
23/06/2022;380,13;138,27;113,92;624,71;327,432;-3,1702%
24/06/2022;392;141,66;117,32;647,78;338,152;0,8734%
27/06/2022;390,58;141,66;116,38;636,92;335,224;1,7310%
28/06/2022;382,61;137,44;115,82;629,12;329,52;0,6371%
29/06/2022;382,34;139,23;115,3;617,96;327,434;1,2680%
30/06/2022;379,15;136,72;112,61;609,04;323,334;-1,1731%
01/07/2022;383,09;138,93;114,05;616,7;327,172;-0,4176%
05/07/2022;383,91;141,56;112,62;620,72;328,544;0,1591%
06/07/2022;385,28;142,92;111,89;614,74;328,022;-1,5983%
07/07/2022;390,99;146,35;114,72;623,7;333,35;0,2665%
08/07/2022;390,68;147,04;114,36;619,56;332,464;1,6591%
11/07/2022;386,23;144,87;112,86;605;327,038;0,4639%
12/07/2022;382,76;145,86;112,97;603,29;325,528;0,7590%
13/07/2022;380,8;145,49;111,91;596,38;323,076;0,6555%
14/07/2022;379,88;148,47;108;588,63;320,972;-2,0082%
15/07/2022;387,13;150,17;112,95;600,37;327,55;0,8225%
18/07/2022;384;147,07;111,79;597,53;324,878;-3,4561%
19/07/2022;394,32;151;114,56;628,34;336,508;-0,7837%
20/07/2022;396,76;153,04;114,54;634,73;339,166;-0,9214%
21/07/2022;400,81;155,35;115,32;639,31;342,32;0,8621%
22/07/2022;397,24;154,09;114,76;633,64;339,394;-0,1559%
25/07/2022;397,65;152,95;115,22;636,15;339,924;1,5414%
26/07/2022;392,93;151,6;113,42;622,94;334,764;-2,7714%
27/07/2022;403,09;156,79;115,24;643,32;344,306;-1,5458%
28/07/2022;408,21;157,35;114,81;659,98;349,712;-1,5234%
29/07/2022;414,28;162,51;115,36;669,18;355,122;0,1466%
01/08/2022;412,95;161,51;114,21;671,39;354,602;0,7827%
02/08/2022;410,32;160,01;112,43;666,16;351,848;-2,4660%
03/08/2022;416,72;166,13;113,61;690,54;360,744;-0,1716%
04/08/2022;416,32;165,81;112,36;696,01;361,364;-0,0774%
05/08/2022;415,59;165,35;115,76;695,93;361,644;0,1257%
08/08/2022;415,23;164,87;114,35;696,27;361,19;0,1197%
09/08/2022;413,49;164,92;115,38;696,51;360,758;-2,8727%
10/08/2022;422,15;169,24;118,39;725,21;371,428;-0,2546%
11/08/2022;422,3;168,49;120,14;728,65;372,376;-2,2409%
12/08/2022;429,25;172,1;122,13;751,83;380,912;-0,4802%
15/08/2022;431,14;173,19;122,46;755,82;382,75;-0,2117%
16/08/2022;432,04;173,03;123,63;757,07;383,562;1,0469%
17/08/2022;428,79;174,55;122,59;743,22;379,588;-0,1667%
18/08/2022;430,05;174,15;121,64;745,22;380,222;2,6118%
19/08/2022;424,36;171,52;118,63;713,85;370,544;2,3483%
22/08/2022;415,46;167,57;116,67;695,05;362,042;0,0780%
23/08/2022;414,54;167,23;115,52;696,97;361,76;-0,3641%
24/08/2022;415,83;167,53;115,8;700,42;363,082;-1,4735%
25/08/2022;421,69;170,03;118,55;710,6;368,512;4,1412%
26/08/2022;407,28;163,62;114,67;676,44;353,858;0,4525%
29/08/2022;404,83;161,38;114,39;675,89;352,264;0,8532%
30/08/2022;400,19;158,91;114,41;672,72;349,284;0,8500%
31/08/2022;397,18;157,22;113,73;666,39;346,34;-0,1557%
01/09/2022;398,54;157,96;114,51;664,85;346,88;1,0640%
02/09/2022;394,28;155,81;113,71;658,06;343,228;0,0478%
06/09/2022;392,71;154,53;113,74;661,63;343,064;-1,7414%
07/09/2022;399,82;155,96;115,9;674,22;349,144;-1,3528%
08/09/2022;402,34;154,46;118,6;691,92;353,932;-1,1098%
09/09/2022;408,76;157,37;119,17;695,46;357,904;-0,9761%
12/09/2022;413,17;163,43;120,58;696,81;361,432;5,9657%
13/09/2022;395,14;153,84;116,39;644,91;341,084;-0,1692%
14/09/2022;396,65;155,31;116,12;643,58;341,662;1,2800%
15/09/2022;392,07;152,37;117,87;632,34;337,344;0,8370%
16/09/2022;389,1;150,7;117,08;626,74;334,544;-1,1179%
19/09/2022;392,13;154,48;118,16;634,73;338,326;1,2904%
20/09/2022;387,52;156,9;115,83;622,31;334,016;2,0756%
21/09/2022;380,91;153,72;112,49;608,09;327,224;1,0057%
22/09/2022;377,69;152,74;111,21;600,5;323,966;1,6332%
23/09/2022;371,42;150,43;109,14;591,39;318,76;1,2612%
26/09/2022;365,87;150,77;106,79;584,65;314,79;0,5032%
27/09/2022;364,93;151,76;105,85;578,6;313,214;-1,3375%
28/09/2022;372,02;149,84;107,99;585,43;317,46;2,9845%
29/09/2022;364,37;142,48;106,16;563,92;308,26;2,0539%
30/09/2022;358,65;138,2;104,5;550,28;302,056;-3,1363%
03/10/2022;368,14;142,45;107,73;572,72;311,836;-3,0957%
04/10/2022;379,41;146,1;112,77;591,3;321,798;0,7520%
05/10/2022;378,52;146,4;110,39;583,15;319,396;1,4123%
06/10/2022;374,78;145,43;108,14;571,61;314,948;3,2528%
07/10/2022;364,33;140,09;105,98;550,4;305,026;0,7225%
10/10/2022;361,62;140,42;104,99;545,54;302,838;1,5989%
11/10/2022;359,14;138,98;101,96;531,14;298,072;0,0907%
12/10/2022;357,98;138,34;103,61;531,1;297,802;-4,1457%
13/10/2022;367,51;142,99;109,37;566,03;310,682;2,2855%
14/10/2022;359,09;138,38;111,19;550,95;303,74;-2,9076%
17/10/2022;368,33;142,41;115,86;569,25;312,836;-1,5465%
18/10/2022;372,55;143,75;118,84;581,06;317,75;0,6513%
19/10/2022;370,1;143,86;116,51;577,9;315,694;0,8105%
20/10/2022;366,95;143,39;116,13;572,36;313,156;-3,2502%
21/10/2022;375,81;147,27;122,23;597,26;323,676;-1,5662%
24/10/2022;380,43;149,45;122,38;611,44;328,826;-2,3711%
25/10/2022;386,54;152,34;122,7;635,94;336,812;0,3312%
26/10/2022;383,62;149,35;124,11;637,8;335,7;-0,1808%
27/10/2022;381,58;144,8;124,6;648,98;336,308;-2,6114%
28/10/2022;390,53;155,74;126,08;663,75;345,326;1,5241%
31/10/2022;387,79;153,34;125,88;645,91;340,142;-0,1521%
01/11/2022;386,25;150,65;128,15;652;340,66;2,3919%
02/11/2022;376,35;145,03;126,97;638,81;332,702;1,1234%
03/11/2022;372,57;138,88;127,2;633,81;329,006;-2,1334%
04/11/2022;377,84;138,38;130,68;656,15;336,178;-1,6822%
07/11/2022;381,53;138,92;131,37;676,3;341,93;-0,8600%
08/11/2022;383,6;139,5;131,45;686,33;344,896;2,2963%
09/11/2022;375,77;134,87;129,74;669,62;337,154;-8,1054%
10/11/2022;396,35;146,87;135,08;759,81;366,892;-1,3779%
11/11/2022;400,17;149,7;135,3;774,75;372,018;2,3737%
14/11/2022;396,81;148,28;133,91;741,15;363,392;-0,3668%
15/11/2022;400,18;150,04;132,94;740,31;364,73;1,1218%
16/11/2022;397,24;148,79;133,12;727,03;360,684;0,3925%
17/11/2022;395,9;150,72;132,54;721,31;359,274;-0,2737%
18/11/2022;397,78;151,29;133,84;720,61;360,26;0,2237%
21/11/2022;396,26;148,01;133,05;723,7;359,456;-1,3627%
22/11/2022;401,72;150,18;135,04;733,45;364,422;-0,5458%
23/11/2022;404,12;151,07;136,48;736,32;366,422;0,0710%
25/11/2022;404,09;148,11;136,74;737,78;366,162;1,9882%
28/11/2022;397,69;144,22;134,35;721,17;359,024;0,5247%
29/11/2022;397,01;141,17;136,56;714;357,15;-1,9277%
30/11/2022;409,32;148,03;138,18;716;364,17;-0,2290%
01/12/2022;409,15;148,31;136,24;722,18;365,006;0,6430%
02/12/2022;408,71;147,81;135,16;712,98;362,674;1,1101%
05/12/2022;401,35;146,63;131,37;712,76;358,692;0,9825%
06/12/2022;395,61;142,91;131,59;710,29;355,202;0,2659%
07/12/2022;394,85;140,94;131,5;709,16;354,26;-0,2011%
08/12/2022;397,95;142,65;132,88;703,44;354,974;0,2021%
09/12/2022;395,01;142,16;132,16;706,95;354,258;-0,9916%
12/12/2022;400,55;144,49;134,21;709,23;357,806;-1,0339%
13/12/2022;402,01;145,47;134,08;724,15;361,544;1,1402%
14/12/2022;399,6;143,21;133,41;711,52;357,468;2,4745%
15/12/2022;389,7;136,5;130,1;698,18;348,836;0,5929%
16/12/2022;384,94;134,51;129,29;700,22;346,78;0,9032%
19/12/2022;381,74;132,37;130,06;692,47;343,676;-0,0308%
20/12/2022;382,18;132,3;130,69;691,56;343,782;-2,1295%
21/12/2022;387,88;135,45;132,16;712,94;351,262;1,4375%
22/12/2022;382,6;132,23;130,66;703,33;346,284;-0,2788%
23/12/2022;384,59;131,86;131,28;703,94;347,252;0,2894%
27/12/2022;383,11;130,03;131,74;703,26;346,25;0,9034%
28/12/2022;378,46;126,04;132,46;700,33;343,15;-1,9011%
29/12/2022;385,01;129,61;133,22;716,15;349,8;0,4549%
30/12/2022;384,21;129,93;134,1;708,63;348,216;0,2182%
03/01/2023;382,53;125,07;135,12;712,04;347,458;-1,0463%
04/01/2023;385,51;126,36;136,38;721,9;351,132;1,8441%
05/01/2023;381,13;125,02;135,35;701,24;344,774;-3,4366%
06/01/2023;389,83;129,62;137,94;738;357,044;-0,8007%
09/01/2023;389,56;130,15;137,37;752,99;359,926;-0,6459%
10/01/2023;392,36;130,73;138,6;757,28;362,266;-0,6696%
11/01/2023;397,25;133,49;139,63;755,92;364,708;-0,0504%
12/01/2023;398,8;133,41;139,49;753,96;364,892;-0,4387%
13/01/2023;400,37;134,76;143,01;753,99;366,5;0,3708%
17/01/2023;399,63;135,94;140,8;749,73;365,146;1,1037%
18/01/2023;393,33;135,21;136,57;747,36;361,16;1,3953%
19/01/2023;390,53;135,27;134,75;729,87;356,19;-1,6082%
20/01/2023;397,7;137,87;135,08;741,71;362,012;-1,1566%
23/01/2023;402,42;141,11;137,27;748,02;366,248;-0,3325%
24/01/2023;402,15;142,53;138,45;752,07;367,47;0,0370%
25/01/2023;402,22;141,86;139,12;751,25;367,334;-1,0479%
26/01/2023;406,64;143,96;139,98;758,9;371,224;-0,2478%
27/01/2023;407,65;145,93;140,32;759,18;372,146;1,4060%
30/01/2023;402,47;143;139,13;747,86;366,986;-1,3521%
31/01/2023;408,31;144,29;139,96;759,21;372,016;-0,6893%
01/02/2023;412,67;145,43;139,59;762,63;374,598;-1,3078%
02/02/2023;418,66;150,82;138,94;770,73;379,562;0,8695%
03/02/2023;414,35;154,5;141,09;757,16;376,29;1,1734%
06/02/2023;411,8;151,73;141,92;742,38;371,926;-0,7329%
07/02/2023;417,12;154,65;143,65;740,82;374,672;1,2868%
08/02/2023;412,57;151,92;142,64;729,86;369,912;1,3235%
09/02/2023;409,07;150,87;140,42;715,97;365,08;-0,5492%
10/02/2023;409,96;151,01;141,04;723,51;367,096;-1,4714%
13/02/2023;414,78;153,85;142,57;736,91;372,578;0,4432%
14/02/2023;414,56;153,2;143,2;729,15;370,934;-0,0221%
15/02/2023;415,88;155,33;143,8;724,19;371,016;1,4209%
16/02/2023;410,28;153,71;141,82;713;365,818;-0,0077%
17/02/2023;409,14;152,55;142,24;716,16;365,846;2,4251%
21/02/2023;401,03;148,48;139,63;695,75;357,184;0,5823%
22/02/2023;400,35;148,91;138,56;687,41;355,116;-0,5740%
23/02/2023;402,46;149,4;139,67;691,84;357,166;1,0491%
24/02/2023;398,11;146,71;140,93;683,43;353,458;-0,2737%
27/02/2023;399,5;147,92;142,16;683,06;354,428;-0,2246%
28/02/2023;397,97;147,41;143,35;689,43;355,226;0,8294%
01/03/2023;396,55;145,31;142,55;680,56;352,304;-0,6043%
02/03/2023;399,67;145,91;141,07;685,91;354,446;-1,6570%
03/03/2023;406,08;151,03;143,66;695,24;360,418;0,2208%
06/03/2023;406,54;153,83;142,82;688,39;359,624;1,8684%
07/03/2023;400,13;151,6;138,62;674,66;353,028;-0,0877%
08/03/2023;400,83;152,87;137,8;674,36;353,338;2,7725%
09/03/2023;393,41;150,59;130,34;651,28;343,806;1,5411%
10/03/2023;387,88;148,5;133,65;635,03;338,588;0,6726%
13/03/2023;387,07;150,47;131,25;625,77;336,326;-1,7854%
14/03/2023;393,58;152,59;134,62;637,83;342,44;0,9963%
15/03/2023;391,16;152,99;128,26;631,74;339,062;-1,3988%
16/03/2023;397,89;155,85;130,75;636,98;343,872;0,9097%
17/03/2023;393,17;155;125,81;636,71;340,772;-1,0672%
20/03/2023;397,07;157,4;127,14;643,56;344,448;-1,9471%
21/03/2023;402,23;159,28;130,55;662,15;351,288;1,8634%
22/03/2023;395,49;157,83;127,18;648,32;344,862;-0,1691%
23/03/2023;394,84;158,93;126,84;651,78;345,446;0,1328%
24/03/2023;397,45;160,25;124,91;644,88;344,988;-0,3714%
27/03/2023;398,14;158,28;128,49;648,32;346,274;0,2200%
28/03/2023;397,4;157,65;128,88;646,24;345,514;-1,4748%
29/03/2023;403,15;160,77;129,14;657,22;350,686;-0,5389%
30/03/2023;405,39;162,36;128,75;661,04;352,586;-1,3188%
31/03/2023;411,08;164,9;130,31;669,12;357,298;-0,0744%
03/04/2023;412,54;166,17;130,16;666,41;357,564;0,7779%
04/04/2023;410,43;165,63;128,42;659,11;354,804;0,4354%
05/04/2023;409,46;163,76;127,61;656,04;353,266;-0,2383%
06/04/2023;411,01;164,66;127,47;656,4;354,11;-0,1213%
10/04/2023;411,48;162,03;127,89;659,82;354,54;-0,5185%
11/04/2023;411,47;160,8;128,52;669,68;356,388;0,4232%
12/04/2023;409,93;160,1;128,5;665,97;354,886;-1,1911%
13/04/2023;415,27;165,56;128,99;670,73;359,164;-1,5325%
14/04/2023;414,25;165,21;138,73;691,33;364,754;-0,6109%
17/04/2023;415,78;165,23;139,83;698,36;366,996;0,0567%
18/04/2023;416,02;166,47;141,4;694,03;366,788;-0,1160%
19/04/2023;415,99;167,63;141,22;695,24;367,214;0,2681%
20/04/2023;413,66;166,65;140,81;696,38;366,232;0,9304%
21/04/2023;413,89;165,02;140,54;680,94;362,856;0,2880%
24/04/2023;414,41;165,33;140,73;674,19;361,814;1,8156%
25/04/2023;407,83;163,77;137,67;659,71;355,362;0,8405%
26/04/2023;406,17;163,76;135,23;650,67;352,4;-1,9259%
27/04/2023;414,23;168,41;137,05;662,68;359,32;-0,9832%
28/04/2023;417,66;169,68;138,24;671,2;362,888;0,3296%
01/05/2023;417,36;169,59;141,2;662,97;361,696;1,3552%
02/05/2023;412,69;168,54;138,92;651,46;356,86;1,0774%
03/05/2023;409,72;167,45;135,98;642,41;353,056;1,1454%
04/05/2023;406,86;165,79;134,12;631,66;349,058;-2,1364%
05/05/2023;414,3;173,57;136,74;644,48;356,678;0,0359%
08/05/2023;414,52;173,5;137,07;643,14;356,55;0,7539%
09/05/2023;412,83;171,77;136,41;635,57;353,882;0,0597%
10/05/2023;414,57;173,555;136,48;629,18;353,671;-0,6386%
11/05/2023;413,95;173,75;136,05;642,02;355,944;0,0635%
12/05/2023;413,41;172,57;134,1;645,1;355,718;-0,1695%
15/05/2023;414,78;172,07;135,23;644,75;356,322;0,9846%
16/05/2023;412,01;172,07;134,32;633,83;352,848;-1,7574%
17/05/2023;417,01;172,69;138,45;650,64;359,16;-1,6528%
18/05/2023;421,05;175,05;139,5;669,33;365,196;0,2228%
19/05/2023;420,44;175,16;139,18;666,7;364,384;-0,1545%
22/05/2023;420,56;174,2;138,03;671,39;364,948;1,2844%
23/05/2023;415,96;171,56;136,59;661,53;360,32;0,7685%
24/05/2023;412,84;171,84;135,34;655;357,572;-0,7924%
25/05/2023;416,48;172,99;135,67;660,52;360,428;-1,4454%
26/05/2023;421,95;175,43;136,94;672,3;365,714;-0,2090%
30/05/2023;422,03;177,3;137,46;673,58;366,48;1,2728%
31/05/2023;419,43;177,25;135,71;657,55;361,874;-1,3435%
01/06/2023;423,75;180,09;137,58;668,84;366,802;-1,5487%
02/06/2023;429,79;180,95;140,47;681,86;372,572;0,5180%
05/06/2023;429,05;179,58;139,09;676,49;370,652;-0,5436%
06/06/2023;429,96;179,21;139,34;684,92;372,678;0,6607%
07/06/2023;427,21;177,82;140,69;678,23;370,232;-0,5416%
08/06/2023;429,68;180,57;140,73;680,58;372,248;-0,3325%
09/06/2023;430,54;180,96;141,01;684,4;373,49;-0,4595%
12/06/2023;434,45;183,79;141;682,38;375,214;-0,6845%
13/06/2023;437,29;183,31;142,02;689,09;377,8;-0,2371%
14/06/2023;437,8;183,95;141,49;692,45;378,698;-1,7242%
15/06/2023;443,21;186,01;143,09;711,19;385,342;0,6525%
16/06/2023;441,63;184,92;143,26;702,78;382,844;0,8774%
20/06/2023;439,54;185,01;142,53;690,95;379,514;0,4133%
21/06/2023;437,22;183,96;142,32;689,04;377,952;0,3292%
22/06/2023;438,8;187;139,58;679,38;376,712;0,3548%
23/06/2023;435,46;186,68;138,85;680,45;375,38;0,2687%
26/06/2023;433,62;185,27;139,19;680,17;374,374;-0,8932%
27/06/2023;438,42;188,06;139,2;684,64;377,748;-0,0762%
28/06/2023;438,56;189,25;138,59;685,22;378,036;-0,6136%
29/06/2023;440,31;189,59;143,43;688,21;380,37;-1,0468%
30/06/2023;445,71;193,97;145,44;691,14;384,394;-0,1756%
03/07/2023;446,35;192,46;146,61;693,58;385,07;0,2807%
05/07/2023;445,58;191,33;144,64;692,83;383,992;1,0766%
06/07/2023;441,93;191,81;143,21;680,63;379,902;-0,0637%
07/07/2023;440,8;190,68;144,34;684,1;380,144;-0,6871%
10/07/2023;441,97;188,61;145,15;696,17;382,774;-1,1216%
11/07/2023;444,94;188,08;147,42;710,2;387,116;-1,2701%
12/07/2023;448,28;189,77;148,15;726;392,096;-1,1561%
13/07/2023;452,1;190,54;148,87;739,8;396,682;0,5893%
14/07/2023;451,65;190,69;149,77;728,03;394,358;-0,5101%
17/07/2023;453,33;193,99;153,38;727,87;396,38;-0,8832%
18/07/2023;456,62;193,73;153,66;738,93;399,912;-0,5970%
19/07/2023;457,46;195,1;154,25;747,3;402,314;0,1090%
20/07/2023;454,61;193,13;156,15;750,88;401,876;0,1036%
21/07/2023;454,6;191,94;154,95;751,21;401,46;-0,6558%
24/07/2023;456,61;192,75;158;756,58;404,11;0,4180%
25/07/2023;457,84;193,62;156,82;746,02;402,428;0,0477%
26/07/2023;457,88;194,5;157,76;743,16;402,236;1,1584%
27/07/2023;454,92;193,22;156,02;729,07;397,63;-1,0634%
28/07/2023;459,22;195,83;156,91;738,34;401,904;-0,2036%
31/07/2023;460,18;196,45;157,96;738,85;402,724;0,5380%
01/08/2023;458,9;195,605;157,18;732,26;400,569;1,6466%
02/08/2023;452,49;192,58;155,4;717,44;394,08;0,5270%
03/08/2023;451,19;191,17;156,35;710,17;392,014;0,6987%
04/08/2023;449,09;181,99;156,02;710,28;389,294;-0,3996%
07/08/2023;453,06;178,85;156,76;712,55;390,856;0,9974%
08/08/2023;451,16;179,8;155,88;696,98;386,996;0,7650%
09/08/2023;448,11;178,19;153,79;692,09;384,058;-0,2530%
10/08/2023;448,31;177,97;153,56;697,01;385,032;0,0639%
11/08/2023;448,04;177,79;154,45;695,61;384,786;-0,2132%
14/08/2023;450,44;179,46;154,77;692,93;385,608;1,9167%
15/08/2023;445,34;177,45;150,83;672,82;378,356;0,4652%
16/08/2023;442,01;176,57;150,19;672,24;376,604;0,4894%
17/08/2023;438,61;174;148,63;674;374,77;0,1475%
18/08/2023;438,69;174,49;148,97;670,25;374,218;-0,4851%
21/08/2023;441,65;175,84;149,48;671,59;376,042;0,5336%
22/08/2023;440,39;177,23;146,38;665,84;374,046;-1,4507%
23/08/2023;445,25;181,12;147,37;678,77;379,552;1,1971%
24/08/2023;439,27;176,38;147,23;673,16;375,062;-0,5900%
25/08/2023;442,41;178,61;147,05;675,96;377,288;-0,5520%
28/08/2023;445,08;180,19;147,56;679;379,382;-1,5579%
29/08/2023;451,51;184,12;148,76;691,03;385,386;-0,6020%
30/08/2023;453,49;187,65;148,16;695,81;387,72;-0,0783%
31/08/2023;452,69;187,87;146,33;700,54;388,024;-0,4949%
01/09/2023;453,65;189,46;146,82;706,19;389,954;0,8034%
05/09/2023;451,7;189,7;145,2;695,93;386,846;0,7847%
06/09/2023;448,56;182,91;144,96;694,18;383,834;0,6392%
07/09/2023;447,32;177,56;143,72;691,06;381,396;-0,0728%
08/09/2023;447,87;178,18;143,83;690,62;381,674;-0,6859%
11/09/2023;450,9;179,36;144,46;695,93;384,31;0,2426%
12/09/2023;448,46;176,3;146,34;697,34;383,38;0,0673%
13/09/2023;448,88;174,21;146,41;697,23;383,122;-1,1339%
14/09/2023;452,89;175,74;149,25;706,81;387,516;1,1617%
15/09/2023;447,05;175,01;148,81;697,41;383,066;-0,1194%
18/09/2023;447,82;177,97;149,12;694,89;383,524;0,3674%
19/09/2023;446,82;179,07;148,93;688,96;382,12;0,9591%
20/09/2023;442,59;175,49;148,3;683,48;378,49;1,7129%
21/09/2023;435,34;173,93;147,14;668,83;372,116;0,6143%
22/09/2023;434,3;174,79;145,73;660,1;369,844;-0,1652%
25/09/2023;436,1;176,08;146,45;657,55;370,456;1,8223%
26/09/2023;427,76;171,96;144,93;646,72;363,826;0,2088%
27/09/2023;427,87;170,43;145,78;643,39;363,068;-0,4890%
28/09/2023;430,37;170,69;147,59;645,24;364,852;0,1471%
29/09/2023;429,43;171,21;145,02;646,49;364,316;0,1352%
02/10/2023;429,28;173,75;143,77;643,04;363,824;1,7576%
03/10/2023;423,56;172,4;142,71;625,47;357,54;-1,0495%
04/10/2023;426,56;173,66;143,35;636,53;361,332;-0,2303%
05/10/2023;426,36;174,91;142,9;640,3;362,166;-1,2413%
06/10/2023;431,37;177,49;145,1;648,26;366,718;-0,1204%
09/10/2023;434,21;178,99;144,77;643,62;367,16;-0,1713%
10/10/2023;436,48;178,39;145,65;641,95;367,79;-0,3430%
11/10/2023;438,33;179,8;146,15;642,67;369,056;0,6101%
12/10/2023;435,7;180,71;145,81;636,17;366,818;0,7006%
13/10/2023;433,41;178,85;148;627,66;364,266;-0,8994%
16/10/2023;437,92;178,72;147,85;635,45;367,572;0,0534%
17/10/2023;438,05;177,15;147,53;636,1;367,376;1,8757%
18/10/2023;432,31;175,84;145,91;616,69;360,612;0,1678%
19/10/2023;428,39;175,46;145,29;622,51;360,008;1,3023%
20/10/2023;423,12;172,88;142,95;614,83;355,38;0,1923%
23/10/2023;422,38;173;141;614,73;354,698;-0,2604%
24/10/2023;425,56;173,44;141,17;612,39;355,624;1,0755%
25/10/2023;419,51;171,1;140,4;608,68;351,84;0,8935%
26/10/2023;414,45;166,89;140,76;607,07;348,724;0,9571%
27/10/2023;412,55;168,22;135,69;598,08;345,418;-1,2939%
30/10/2023;417,45;170,29;137,42;607,12;349,946;-0,6958%
31/10/2023;419,94;170,77;139,06;612,28;352,398;-0,9105%
01/11/2023;424,53;173,97;138,94;616,21;355,636;-2,7733%
02/11/2023;432,71;177,57;141,42;644,49;365,78;-1,1833%
03/11/2023;436,59;176,65;143;657,97;370,16;-0,0545%
06/11/2023;437,64;179,23;144,08;653,22;370,362;-0,0113%
07/11/2023;438,8;181,82;144,01;648,59;370,404;-0,4761%
08/11/2023;439,16;182,89;144,72;654,95;372,176;0,5761%
09/11/2023;435,85;182,41;144,29;651,82;370,044;-1,7497%
10/11/2023;442,67;186,4;146,43;665;376,634;0,3635%
13/11/2023;442,16;184,8;145,78;661,45;375,27;-3,0255%
14/11/2023;450,83;187,44;148,44;697,35;386,978;#¡DIV/0!
